[0.096s] DEBUG:colcon:Command line arguments: ['/usr/bin/colcon', 'build']
[0.096s] DEBUG:colcon:Parsed command line arguments: Namespace(log_base=None, log_level=None, verb_name='build', build_base='build', install_base='install', merge_install=False, symlink_install=False, test_result_base=None, continue_on_error=False, executor='parallel', parallel_workers=16, event_handlers=None, ignore_user_meta=False, metas=['./colcon.meta'], base_paths=['.'], packages_ignore=None, packages_ignore_regex=None, paths=None, packages_up_to=None, packages_up_to_regex=None, packages_above=None, packages_above_and_dependencies=None, packages_above_depth=None, packages_select_by_dep=None, packages_skip_by_dep=None, packages_skip_up_to=None, packages_select_build_failed=False, packages_skip_build_finished=False, packages_select_test_failures=False, packages_skip_test_passed=False, packages_select=None, packages_skip=None, packages_select_regex=None, packages_skip_regex=None, packages_start=None, packages_end=None, allow_overriding=[], cmake_args=None, cmake_target=None, cmake_target_skip_unavailable=False, cmake_clean_cache=False, cmake_clean_first=False, cmake_force_configure=False, ament_cmake_args=None, catkin_cmake_args=None, catkin_skip_building_tests=False, verb_parser=<colcon_defaults.argument_parser.defaults.DefaultArgumentsDecorator object at 0x7a5f1d245690>, verb_extension=<colcon_core.verb.build.BuildVerb object at 0x7a5f1d245120>, main=<bound method BuildVerb.main of <colcon_core.verb.build.BuildVerb object at 0x7a5f1d245120>>)
[0.184s] Level 1:colcon.colcon_core.package_discovery:discover_packages(colcon_meta) check parameters
[0.184s] Level 1:colcon.colcon_core.package_discovery:discover_packages(recursive) check parameters
[0.184s] Level 1:colcon.colcon_core.package_discovery:discover_packages(ignore) check parameters
[0.184s] Level 1:colcon.colcon_core.package_discovery:discover_packages(path) check parameters
[0.184s] Level 1:colcon.colcon_core.package_discovery:discover_packages(colcon_meta) discover
[0.184s] Level 1:colcon.colcon_core.package_discovery:discover_packages(recursive) discover
[0.184s] INFO:colcon.colcon_core.package_discovery:Crawling recursively for packages in '/home/robot/project/ls65_ros/ls65/elite_ros_ws'
[0.184s] Level 1:colcon.colcon_core.package_identification:_identify(.) by extensions ['ignore', 'ignore_ament_install']
[0.184s] Level 1:colcon.colcon_core.package_identification:_identify(.) by extension 'ignore'
[0.184s] Level 1:colcon.colcon_core.package_identification:_identify(.) by extension 'ignore_ament_install'
[0.184s] Level 1:colcon.colcon_core.package_identification:_identify(.) by extensions ['colcon_pkg']
[0.184s] Level 1:colcon.colcon_core.package_identification:_identify(.) by extension 'colcon_pkg'
[0.184s] Level 1:colcon.colcon_core.package_identification:_identify(.) by extensions ['colcon_meta']
[0.184s] Level 1:colcon.colcon_core.package_identification:_identify(.) by extension 'colcon_meta'
[0.184s] Level 1:colcon.colcon_core.package_identification:_identify(.) by extensions ['ros']
[0.184s] Level 1:colcon.colcon_core.package_identification:_identify(.) by extension 'ros'
[0.190s] Level 1:colcon.colcon_core.package_identification:_identify(.) by extensions ['cmake', 'python']
[0.190s] Level 1:colcon.colcon_core.package_identification:_identify(.) by extension 'cmake'
[0.190s] Level 1:colcon.colcon_core.package_identification:_identify(.) by extension 'python'
[0.190s] Level 1:colcon.colcon_core.package_identification:_identify(.) by extensions ['python_setup_py']
[0.190s] Level 1:colcon.colcon_core.package_identification:_identify(.) by extension 'python_setup_py'
[0.190s] Level 1:colcon.colcon_core.package_identification:_identify(build) by extensions ['ignore', 'ignore_ament_install']
[0.190s] Level 1:colcon.colcon_core.package_identification:_identify(build) by extension 'ignore'
[0.190s] Level 1:colcon.colcon_core.package_identification:_identify(build) ignored
[0.191s] Level 1:colcon.colcon_core.package_identification:_identify(install) by extensions ['ignore', 'ignore_ament_install']
[0.191s] Level 1:colcon.colcon_core.package_identification:_identify(install) by extension 'ignore'
[0.191s] Level 1:colcon.colcon_core.package_identification:_identify(install) ignored
[0.191s] Level 1:colcon.colcon_core.package_identification:_identify(log) by extensions ['ignore', 'ignore_ament_install']
[0.191s] Level 1:colcon.colcon_core.package_identification:_identify(log) by extension 'ignore'
[0.191s] Level 1:colcon.colcon_core.package_identification:_identify(log) ignored
[0.191s] Level 1:colcon.colcon_core.package_identification:_identify(src) by extensions ['ignore', 'ignore_ament_install']
[0.191s] Level 1:colcon.colcon_core.package_identification:_identify(src) by extension 'ignore'
[0.191s] Level 1:colcon.colcon_core.package_identification:_identify(src) by extension 'ignore_ament_install'
[0.191s] Level 1:colcon.colcon_core.package_identification:_identify(src) by extensions ['colcon_pkg']
[0.191s] Level 1:colcon.colcon_core.package_identification:_identify(src) by extension 'colcon_pkg'
[0.191s] Level 1:colcon.colcon_core.package_identification:_identify(src) by extensions ['colcon_meta']
[0.191s] Level 1:colcon.colcon_core.package_identification:_identify(src) by extension 'colcon_meta'
[0.191s] Level 1:colcon.colcon_core.package_identification:_identify(src) by extensions ['ros']
[0.191s] Level 1:colcon.colcon_core.package_identification:_identify(src) by extension 'ros'
[0.191s] Level 1:colcon.colcon_core.package_identification:_identify(src) by extensions ['cmake', 'python']
[0.191s] Level 1:colcon.colcon_core.package_identification:_identify(src) by extension 'cmake'
[0.191s] Level 1:colcon.colcon_core.package_identification:_identify(src) by extension 'python'
[0.191s] Level 1:colcon.colcon_core.package_identification:_identify(src) by extensions ['python_setup_py']
[0.191s] Level 1:colcon.colcon_core.package_identification:_identify(src) by extension 'python_setup_py'
[0.191s] Level 1:colcon.colcon_core.package_identification:_identify(src/doc) by extensions ['ignore', 'ignore_ament_install']
[0.191s] Level 1:colcon.colcon_core.package_identification:_identify(src/doc) by extension 'ignore'
[0.191s] Level 1:colcon.colcon_core.package_identification:_identify(src/doc) by extension 'ignore_ament_install'
[0.191s] Level 1:colcon.colcon_core.package_identification:_identify(src/doc) by extensions ['colcon_pkg']
[0.191s] Level 1:colcon.colcon_core.package_identification:_identify(src/doc) by extension 'colcon_pkg'
[0.191s] Level 1:colcon.colcon_core.package_identification:_identify(src/doc) by extensions ['colcon_meta']
[0.191s] Level 1:colcon.colcon_core.package_identification:_identify(src/doc) by extension 'colcon_meta'
[0.191s] Level 1:colcon.colcon_core.package_identification:_identify(src/doc) by extensions ['ros']
[0.191s] Level 1:colcon.colcon_core.package_identification:_identify(src/doc) by extension 'ros'
[0.191s] Level 1:colcon.colcon_core.package_identification:_identify(src/doc) by extensions ['cmake', 'python']
[0.191s] Level 1:colcon.colcon_core.package_identification:_identify(src/doc) by extension 'cmake'
[0.191s] Level 1:colcon.colcon_core.package_identification:_identify(src/doc) by extension 'python'
[0.191s] Level 1:colcon.colcon_core.package_identification:_identify(src/doc) by extensions ['python_setup_py']
[0.191s] Level 1:colcon.colcon_core.package_identification:_identify(src/doc) by extension 'python_setup_py'
[0.191s] Level 1:colcon.colcon_core.package_identification:_identify(src/eli_common_interface) by extensions ['ignore', 'ignore_ament_install']
[0.191s] Level 1:colcon.colcon_core.package_identification:_identify(src/eli_common_interface) by extension 'ignore'
[0.191s] Level 1:colcon.colcon_core.package_identification:_identify(src/eli_common_interface) by extension 'ignore_ament_install'
[0.191s] Level 1:colcon.colcon_core.package_identification:_identify(src/eli_common_interface) by extensions ['colcon_pkg']
[0.191s] Level 1:colcon.colcon_core.package_identification:_identify(src/eli_common_interface) by extension 'colcon_pkg'
[0.191s] Level 1:colcon.colcon_core.package_identification:_identify(src/eli_common_interface) by extensions ['colcon_meta']
[0.192s] Level 1:colcon.colcon_core.package_identification:_identify(src/eli_common_interface) by extension 'colcon_meta'
[0.192s] Level 1:colcon.colcon_core.package_identification:_identify(src/eli_common_interface) by extensions ['ros']
[0.192s] Level 1:colcon.colcon_core.package_identification:_identify(src/eli_common_interface) by extension 'ros'
[0.193s] DEBUG:colcon.colcon_core.package_identification:Package 'src/eli_common_interface' with type 'ros.ament_cmake' and name 'eli_common_interface'
[0.193s] Level 1:colcon.colcon_core.package_identification:_identify(src/eli_cs_controllers) by extensions ['ignore', 'ignore_ament_install']
[0.193s] Level 1:colcon.colcon_core.package_identification:_identify(src/eli_cs_controllers) by extension 'ignore'
[0.193s] Level 1:colcon.colcon_core.package_identification:_identify(src/eli_cs_controllers) by extension 'ignore_ament_install'
[0.193s] Level 1:colcon.colcon_core.package_identification:_identify(src/eli_cs_controllers) by extensions ['colcon_pkg']
[0.193s] Level 1:colcon.colcon_core.package_identification:_identify(src/eli_cs_controllers) by extension 'colcon_pkg'
[0.193s] Level 1:colcon.colcon_core.package_identification:_identify(src/eli_cs_controllers) by extensions ['colcon_meta']
[0.193s] Level 1:colcon.colcon_core.package_identification:_identify(src/eli_cs_controllers) by extension 'colcon_meta'
[0.193s] Level 1:colcon.colcon_core.package_identification:_identify(src/eli_cs_controllers) by extensions ['ros']
[0.193s] Level 1:colcon.colcon_core.package_identification:_identify(src/eli_cs_controllers) by extension 'ros'
[0.194s] DEBUG:colcon.colcon_core.package_identification:Package 'src/eli_cs_controllers' with type 'ros.ament_cmake' and name 'eli_cs_controllers'
[0.194s] Level 1:colcon.colcon_core.package_identification:_identify(src/eli_cs_robot_calibration) by extensions ['ignore', 'ignore_ament_install']
[0.194s] Level 1:colcon.colcon_core.package_identification:_identify(src/eli_cs_robot_calibration) by extension 'ignore'
[0.194s] Level 1:colcon.colcon_core.package_identification:_identify(src/eli_cs_robot_calibration) by extension 'ignore_ament_install'
[0.194s] Level 1:colcon.colcon_core.package_identification:_identify(src/eli_cs_robot_calibration) by extensions ['colcon_pkg']
[0.194s] Level 1:colcon.colcon_core.package_identification:_identify(src/eli_cs_robot_calibration) by extension 'colcon_pkg'
[0.194s] Level 1:colcon.colcon_core.package_identification:_identify(src/eli_cs_robot_calibration) by extensions ['colcon_meta']
[0.194s] Level 1:colcon.colcon_core.package_identification:_identify(src/eli_cs_robot_calibration) by extension 'colcon_meta'
[0.194s] Level 1:colcon.colcon_core.package_identification:_identify(src/eli_cs_robot_calibration) by extensions ['ros']
[0.194s] Level 1:colcon.colcon_core.package_identification:_identify(src/eli_cs_robot_calibration) by extension 'ros'
[0.195s] DEBUG:colcon.colcon_core.package_identification:Package 'src/eli_cs_robot_calibration' with type 'ros.ament_cmake' and name 'eli_cs_robot_calibration'
[0.195s] Level 1:colcon.colcon_core.package_identification:_identify(src/eli_cs_robot_description) by extensions ['ignore', 'ignore_ament_install']
[0.195s] Level 1:colcon.colcon_core.package_identification:_identify(src/eli_cs_robot_description) by extension 'ignore'
[0.195s] Level 1:colcon.colcon_core.package_identification:_identify(src/eli_cs_robot_description) by extension 'ignore_ament_install'
[0.195s] Level 1:colcon.colcon_core.package_identification:_identify(src/eli_cs_robot_description) by extensions ['colcon_pkg']
[0.195s] Level 1:colcon.colcon_core.package_identification:_identify(src/eli_cs_robot_description) by extension 'colcon_pkg'
[0.195s] Level 1:colcon.colcon_core.package_identification:_identify(src/eli_cs_robot_description) by extensions ['colcon_meta']
[0.195s] Level 1:colcon.colcon_core.package_identification:_identify(src/eli_cs_robot_description) by extension 'colcon_meta'
[0.195s] Level 1:colcon.colcon_core.package_identification:_identify(src/eli_cs_robot_description) by extensions ['ros']
[0.195s] Level 1:colcon.colcon_core.package_identification:_identify(src/eli_cs_robot_description) by extension 'ros'
[0.195s] DEBUG:colcon.colcon_core.package_identification:Package 'src/eli_cs_robot_description' with type 'ros.ament_cmake' and name 'eli_cs_robot_description'
[0.195s] Level 1:colcon.colcon_core.package_identification:_identify(src/eli_cs_robot_driver) by extensions ['ignore', 'ignore_ament_install']
[0.195s] Level 1:colcon.colcon_core.package_identification:_identify(src/eli_cs_robot_driver) by extension 'ignore'
[0.195s] Level 1:colcon.colcon_core.package_identification:_identify(src/eli_cs_robot_driver) by extension 'ignore_ament_install'
[0.195s] Level 1:colcon.colcon_core.package_identification:_identify(src/eli_cs_robot_driver) by extensions ['colcon_pkg']
[0.195s] Level 1:colcon.colcon_core.package_identification:_identify(src/eli_cs_robot_driver) by extension 'colcon_pkg'
[0.195s] Level 1:colcon.colcon_core.package_identification:_identify(src/eli_cs_robot_driver) by extensions ['colcon_meta']
[0.195s] Level 1:colcon.colcon_core.package_identification:_identify(src/eli_cs_robot_driver) by extension 'colcon_meta'
[0.195s] Level 1:colcon.colcon_core.package_identification:_identify(src/eli_cs_robot_driver) by extensions ['ros']
[0.195s] Level 1:colcon.colcon_core.package_identification:_identify(src/eli_cs_robot_driver) by extension 'ros'
[0.197s] DEBUG:colcon.colcon_core.package_identification:Package 'src/eli_cs_robot_driver' with type 'ros.ament_cmake' and name 'eli_cs_robot_driver'
[0.197s] Level 1:colcon.colcon_core.package_identification:_identify(src/eli_cs_robot_moveit_config) by extensions ['ignore', 'ignore_ament_install']
[0.197s] Level 1:colcon.colcon_core.package_identification:_identify(src/eli_cs_robot_moveit_config) by extension 'ignore'
[0.197s] Level 1:colcon.colcon_core.package_identification:_identify(src/eli_cs_robot_moveit_config) by extension 'ignore_ament_install'
[0.197s] Level 1:colcon.colcon_core.package_identification:_identify(src/eli_cs_robot_moveit_config) by extensions ['colcon_pkg']
[0.197s] Level 1:colcon.colcon_core.package_identification:_identify(src/eli_cs_robot_moveit_config) by extension 'colcon_pkg'
[0.197s] Level 1:colcon.colcon_core.package_identification:_identify(src/eli_cs_robot_moveit_config) by extensions ['colcon_meta']
[0.197s] Level 1:colcon.colcon_core.package_identification:_identify(src/eli_cs_robot_moveit_config) by extension 'colcon_meta'
[0.197s] Level 1:colcon.colcon_core.package_identification:_identify(src/eli_cs_robot_moveit_config) by extensions ['ros']
[0.197s] Level 1:colcon.colcon_core.package_identification:_identify(src/eli_cs_robot_moveit_config) by extension 'ros'
[0.197s] DEBUG:colcon.colcon_core.package_identification:Package 'src/eli_cs_robot_moveit_config' with type 'ros.ament_cmake' and name 'eli_cs_robot_moveit_config'
[0.197s] Level 1:colcon.colcon_core.package_identification:_identify(src/eli_cs_robot_simulation_gz) by extensions ['ignore', 'ignore_ament_install']
[0.197s] Level 1:colcon.colcon_core.package_identification:_identify(src/eli_cs_robot_simulation_gz) by extension 'ignore'
[0.198s] Level 1:colcon.colcon_core.package_identification:_identify(src/eli_cs_robot_simulation_gz) by extension 'ignore_ament_install'
[0.198s] Level 1:colcon.colcon_core.package_identification:_identify(src/eli_cs_robot_simulation_gz) by extensions ['colcon_pkg']
[0.198s] Level 1:colcon.colcon_core.package_identification:_identify(src/eli_cs_robot_simulation_gz) by extension 'colcon_pkg'
[0.198s] Level 1:colcon.colcon_core.package_identification:_identify(src/eli_cs_robot_simulation_gz) by extensions ['colcon_meta']
[0.198s] Level 1:colcon.colcon_core.package_identification:_identify(src/eli_cs_robot_simulation_gz) by extension 'colcon_meta'
[0.198s] Level 1:colcon.colcon_core.package_identification:_identify(src/eli_cs_robot_simulation_gz) by extensions ['ros']
[0.198s] Level 1:colcon.colcon_core.package_identification:_identify(src/eli_cs_robot_simulation_gz) by extension 'ros'
[0.198s] DEBUG:colcon.colcon_core.package_identification:Package 'src/eli_cs_robot_simulation_gz' with type 'ros.ament_cmake' and name 'eli_cs_robot_simulation_gz'
[0.198s] Level 1:colcon.colcon_core.package_identification:_identify(src/eli_dashboard_interface) by extensions ['ignore', 'ignore_ament_install']
[0.198s] Level 1:colcon.colcon_core.package_identification:_identify(src/eli_dashboard_interface) by extension 'ignore'
[0.198s] Level 1:colcon.colcon_core.package_identification:_identify(src/eli_dashboard_interface) by extension 'ignore_ament_install'
[0.198s] Level 1:colcon.colcon_core.package_identification:_identify(src/eli_dashboard_interface) by extensions ['colcon_pkg']
[0.198s] Level 1:colcon.colcon_core.package_identification:_identify(src/eli_dashboard_interface) by extension 'colcon_pkg'
[0.198s] Level 1:colcon.colcon_core.package_identification:_identify(src/eli_dashboard_interface) by extensions ['colcon_meta']
[0.198s] Level 1:colcon.colcon_core.package_identification:_identify(src/eli_dashboard_interface) by extension 'colcon_meta'
[0.198s] Level 1:colcon.colcon_core.package_identification:_identify(src/eli_dashboard_interface) by extensions ['ros']
[0.198s] Level 1:colcon.colcon_core.package_identification:_identify(src/eli_dashboard_interface) by extension 'ros'
[0.199s] DEBUG:colcon.colcon_core.package_identification:Package 'src/eli_dashboard_interface' with type 'ros.ament_cmake' and name 'eli_dashboard_interface'
[0.199s] Level 1:colcon.colcon_core.package_discovery:discover_packages(recursive) using defaults
[0.199s] Level 1:colcon.colcon_core.package_discovery:discover_packages(ignore) discover
[0.199s] Level 1:colcon.colcon_core.package_discovery:discover_packages(ignore) using defaults
[0.199s] Level 1:colcon.colcon_core.package_discovery:discover_packages(path) discover
[0.199s] Level 1:colcon.colcon_core.package_discovery:discover_packages(path) using defaults
[0.217s] Level 1:colcon.colcon_core.package_discovery:discover_packages(prefix_path) check parameters
[0.217s] Level 1:colcon.colcon_core.package_discovery:discover_packages(prefix_path) discover
[0.218s] DEBUG:colcon.colcon_installed_package_information.package_discovery:Found 7 installed packages in /home/robot/project/ls65_ros/ls65/elite_ros_ws/install
[0.219s] DEBUG:colcon.colcon_installed_package_information.package_discovery:Found 382 installed packages in /opt/ros/humble
[0.220s] Level 1:colcon.colcon_core.package_discovery:discover_packages(prefix_path) using defaults
[0.244s] Level 5:colcon.colcon_core.verb:set package 'eli_common_interface' build argument 'cmake_args' from command line to 'None'
[0.244s] Level 5:colcon.colcon_core.verb:set package 'eli_common_interface' build argument 'cmake_target' from command line to 'None'
[0.244s] Level 5:colcon.colcon_core.verb:set package 'eli_common_interface' build argument 'cmake_target_skip_unavailable' from command line to 'False'
[0.244s] Level 5:colcon.colcon_core.verb:set package 'eli_common_interface' build argument 'cmake_clean_cache' from command line to 'False'
[0.244s] Level 5:colcon.colcon_core.verb:set package 'eli_common_interface' build argument 'cmake_clean_first' from command line to 'False'
[0.244s] Level 5:colcon.colcon_core.verb:set package 'eli_common_interface' build argument 'cmake_force_configure' from command line to 'False'
[0.244s] Level 5:colcon.colcon_core.verb:set package 'eli_common_interface' build argument 'ament_cmake_args' from command line to 'None'
[0.244s] Level 5:colcon.colcon_core.verb:set package 'eli_common_interface' build argument 'catkin_cmake_args' from command line to 'None'
[0.244s] Level 5:colcon.colcon_core.verb:set package 'eli_common_interface' build argument 'catkin_skip_building_tests' from command line to 'False'
[0.244s] DEBUG:colcon.colcon_core.verb:Building package 'eli_common_interface' with the following arguments: {'ament_cmake_args': None, 'build_base': '/home/robot/project/ls65_ros/ls65/elite_ros_ws/build/eli_common_interface', 'catkin_cmake_args': None, 'catkin_skip_building_tests': False, 'cmake_args': None, 'cmake_clean_cache': False, 'cmake_clean_first': False, 'cmake_force_configure': False, 'cmake_target': None, 'cmake_target_skip_unavailable': False, 'install_base': '/home/robot/project/ls65_ros/ls65/elite_ros_ws/install/eli_common_interface', 'merge_install': False, 'path': '/home/robot/project/ls65_ros/ls65/elite_ros_ws/src/eli_common_interface', 'symlink_install': False, 'test_result_base': None}
[0.244s] Level 5:colcon.colcon_core.verb:set package 'eli_cs_robot_calibration' build argument 'cmake_args' from command line to 'None'
[0.244s] Level 5:colcon.colcon_core.verb:set package 'eli_cs_robot_calibration' build argument 'cmake_target' from command line to 'None'
[0.244s] Level 5:colcon.colcon_core.verb:set package 'eli_cs_robot_calibration' build argument 'cmake_target_skip_unavailable' from command line to 'False'
[0.244s] Level 5:colcon.colcon_core.verb:set package 'eli_cs_robot_calibration' build argument 'cmake_clean_cache' from command line to 'False'
[0.244s] Level 5:colcon.colcon_core.verb:set package 'eli_cs_robot_calibration' build argument 'cmake_clean_first' from command line to 'False'
[0.244s] Level 5:colcon.colcon_core.verb:set package 'eli_cs_robot_calibration' build argument 'cmake_force_configure' from command line to 'False'
[0.244s] Level 5:colcon.colcon_core.verb:set package 'eli_cs_robot_calibration' build argument 'ament_cmake_args' from command line to 'None'
[0.244s] Level 5:colcon.colcon_core.verb:set package 'eli_cs_robot_calibration' build argument 'catkin_cmake_args' from command line to 'None'
[0.244s] Level 5:colcon.colcon_core.verb:set package 'eli_cs_robot_calibration' build argument 'catkin_skip_building_tests' from command line to 'False'
[0.244s] DEBUG:colcon.colcon_core.verb:Building package 'eli_cs_robot_calibration' with the following arguments: {'ament_cmake_args': None, 'build_base': '/home/robot/project/ls65_ros/ls65/elite_ros_ws/build/eli_cs_robot_calibration', 'catkin_cmake_args': None, 'catkin_skip_building_tests': False, 'cmake_args': None, 'cmake_clean_cache': False, 'cmake_clean_first': False, 'cmake_force_configure': False, 'cmake_target': None, 'cmake_target_skip_unavailable': False, 'install_base': '/home/robot/project/ls65_ros/ls65/elite_ros_ws/install/eli_cs_robot_calibration', 'merge_install': False, 'path': '/home/robot/project/ls65_ros/ls65/elite_ros_ws/src/eli_cs_robot_calibration', 'symlink_install': False, 'test_result_base': None}
[0.244s] Level 5:colcon.colcon_core.verb:set package 'eli_cs_robot_description' build argument 'cmake_args' from command line to 'None'
[0.244s] Level 5:colcon.colcon_core.verb:set package 'eli_cs_robot_description' build argument 'cmake_target' from command line to 'None'
[0.244s] Level 5:colcon.colcon_core.verb:set package 'eli_cs_robot_description' build argument 'cmake_target_skip_unavailable' from command line to 'False'
[0.244s] Level 5:colcon.colcon_core.verb:set package 'eli_cs_robot_description' build argument 'cmake_clean_cache' from command line to 'False'
[0.244s] Level 5:colcon.colcon_core.verb:set package 'eli_cs_robot_description' build argument 'cmake_clean_first' from command line to 'False'
[0.244s] Level 5:colcon.colcon_core.verb:set package 'eli_cs_robot_description' build argument 'cmake_force_configure' from command line to 'False'
[0.244s] Level 5:colcon.colcon_core.verb:set package 'eli_cs_robot_description' build argument 'ament_cmake_args' from command line to 'None'
[0.244s] Level 5:colcon.colcon_core.verb:set package 'eli_cs_robot_description' build argument 'catkin_cmake_args' from command line to 'None'
[0.244s] Level 5:colcon.colcon_core.verb:set package 'eli_cs_robot_description' build argument 'catkin_skip_building_tests' from command line to 'False'
[0.244s] DEBUG:colcon.colcon_core.verb:Building package 'eli_cs_robot_description' with the following arguments: {'ament_cmake_args': None, 'build_base': '/home/robot/project/ls65_ros/ls65/elite_ros_ws/build/eli_cs_robot_description', 'catkin_cmake_args': None, 'catkin_skip_building_tests': False, 'cmake_args': None, 'cmake_clean_cache': False, 'cmake_clean_first': False, 'cmake_force_configure': False, 'cmake_target': None, 'cmake_target_skip_unavailable': False, 'install_base': '/home/robot/project/ls65_ros/ls65/elite_ros_ws/install/eli_cs_robot_description', 'merge_install': False, 'path': '/home/robot/project/ls65_ros/ls65/elite_ros_ws/src/eli_cs_robot_description', 'symlink_install': False, 'test_result_base': None}
[0.245s] Level 5:colcon.colcon_core.verb:set package 'eli_dashboard_interface' build argument 'cmake_args' from command line to 'None'
[0.245s] Level 5:colcon.colcon_core.verb:set package 'eli_dashboard_interface' build argument 'cmake_target' from command line to 'None'
[0.245s] Level 5:colcon.colcon_core.verb:set package 'eli_dashboard_interface' build argument 'cmake_target_skip_unavailable' from command line to 'False'
[0.245s] Level 5:colcon.colcon_core.verb:set package 'eli_dashboard_interface' build argument 'cmake_clean_cache' from command line to 'False'
[0.245s] Level 5:colcon.colcon_core.verb:set package 'eli_dashboard_interface' build argument 'cmake_clean_first' from command line to 'False'
[0.245s] Level 5:colcon.colcon_core.verb:set package 'eli_dashboard_interface' build argument 'cmake_force_configure' from command line to 'False'
[0.245s] Level 5:colcon.colcon_core.verb:set package 'eli_dashboard_interface' build argument 'ament_cmake_args' from command line to 'None'
[0.245s] Level 5:colcon.colcon_core.verb:set package 'eli_dashboard_interface' build argument 'catkin_cmake_args' from command line to 'None'
[0.245s] Level 5:colcon.colcon_core.verb:set package 'eli_dashboard_interface' build argument 'catkin_skip_building_tests' from command line to 'False'
[0.245s] DEBUG:colcon.colcon_core.verb:Building package 'eli_dashboard_interface' with the following arguments: {'ament_cmake_args': None, 'build_base': '/home/robot/project/ls65_ros/ls65/elite_ros_ws/build/eli_dashboard_interface', 'catkin_cmake_args': None, 'catkin_skip_building_tests': False, 'cmake_args': None, 'cmake_clean_cache': False, 'cmake_clean_first': False, 'cmake_force_configure': False, 'cmake_target': None, 'cmake_target_skip_unavailable': False, 'install_base': '/home/robot/project/ls65_ros/ls65/elite_ros_ws/install/eli_dashboard_interface', 'merge_install': False, 'path': '/home/robot/project/ls65_ros/ls65/elite_ros_ws/src/eli_dashboard_interface', 'symlink_install': False, 'test_result_base': None}
[0.245s] Level 5:colcon.colcon_core.verb:set package 'eli_cs_controllers' build argument 'cmake_args' from command line to 'None'
[0.245s] Level 5:colcon.colcon_core.verb:set package 'eli_cs_controllers' build argument 'cmake_target' from command line to 'None'
[0.245s] Level 5:colcon.colcon_core.verb:set package 'eli_cs_controllers' build argument 'cmake_target_skip_unavailable' from command line to 'False'
[0.245s] Level 5:colcon.colcon_core.verb:set package 'eli_cs_controllers' build argument 'cmake_clean_cache' from command line to 'False'
[0.245s] Level 5:colcon.colcon_core.verb:set package 'eli_cs_controllers' build argument 'cmake_clean_first' from command line to 'False'
[0.245s] Level 5:colcon.colcon_core.verb:set package 'eli_cs_controllers' build argument 'cmake_force_configure' from command line to 'False'
[0.245s] Level 5:colcon.colcon_core.verb:set package 'eli_cs_controllers' build argument 'ament_cmake_args' from command line to 'None'
[0.245s] Level 5:colcon.colcon_core.verb:set package 'eli_cs_controllers' build argument 'catkin_cmake_args' from command line to 'None'
[0.245s] Level 5:colcon.colcon_core.verb:set package 'eli_cs_controllers' build argument 'catkin_skip_building_tests' from command line to 'False'
[0.245s] DEBUG:colcon.colcon_core.verb:Building package 'eli_cs_controllers' with the following arguments: {'ament_cmake_args': None, 'build_base': '/home/robot/project/ls65_ros/ls65/elite_ros_ws/build/eli_cs_controllers', 'catkin_cmake_args': None, 'catkin_skip_building_tests': False, 'cmake_args': None, 'cmake_clean_cache': False, 'cmake_clean_first': False, 'cmake_force_configure': False, 'cmake_target': None, 'cmake_target_skip_unavailable': False, 'install_base': '/home/robot/project/ls65_ros/ls65/elite_ros_ws/install/eli_cs_controllers', 'merge_install': False, 'path': '/home/robot/project/ls65_ros/ls65/elite_ros_ws/src/eli_cs_controllers', 'symlink_install': False, 'test_result_base': None}
[0.245s] Level 5:colcon.colcon_core.verb:set package 'eli_cs_robot_driver' build argument 'cmake_args' from command line to 'None'
[0.245s] Level 5:colcon.colcon_core.verb:set package 'eli_cs_robot_driver' build argument 'cmake_target' from command line to 'None'
[0.245s] Level 5:colcon.colcon_core.verb:set package 'eli_cs_robot_driver' build argument 'cmake_target_skip_unavailable' from command line to 'False'
[0.245s] Level 5:colcon.colcon_core.verb:set package 'eli_cs_robot_driver' build argument 'cmake_clean_cache' from command line to 'False'
[0.245s] Level 5:colcon.colcon_core.verb:set package 'eli_cs_robot_driver' build argument 'cmake_clean_first' from command line to 'False'
[0.245s] Level 5:colcon.colcon_core.verb:set package 'eli_cs_robot_driver' build argument 'cmake_force_configure' from command line to 'False'
[0.245s] Level 5:colcon.colcon_core.verb:set package 'eli_cs_robot_driver' build argument 'ament_cmake_args' from command line to 'None'
[0.245s] Level 5:colcon.colcon_core.verb:set package 'eli_cs_robot_driver' build argument 'catkin_cmake_args' from command line to 'None'
[0.245s] Level 5:colcon.colcon_core.verb:set package 'eli_cs_robot_driver' build argument 'catkin_skip_building_tests' from command line to 'False'
[0.245s] DEBUG:colcon.colcon_core.verb:Building package 'eli_cs_robot_driver' with the following arguments: {'ament_cmake_args': None, 'build_base': '/home/robot/project/ls65_ros/ls65/elite_ros_ws/build/eli_cs_robot_driver', 'catkin_cmake_args': None, 'catkin_skip_building_tests': False, 'cmake_args': None, 'cmake_clean_cache': False, 'cmake_clean_first': False, 'cmake_force_configure': False, 'cmake_target': None, 'cmake_target_skip_unavailable': False, 'install_base': '/home/robot/project/ls65_ros/ls65/elite_ros_ws/install/eli_cs_robot_driver', 'merge_install': False, 'path': '/home/robot/project/ls65_ros/ls65/elite_ros_ws/src/eli_cs_robot_driver', 'symlink_install': False, 'test_result_base': None}
[0.245s] Level 5:colcon.colcon_core.verb:set package 'eli_cs_robot_moveit_config' build argument 'cmake_args' from command line to 'None'
[0.245s] Level 5:colcon.colcon_core.verb:set package 'eli_cs_robot_moveit_config' build argument 'cmake_target' from command line to 'None'
[0.245s] Level 5:colcon.colcon_core.verb:set package 'eli_cs_robot_moveit_config' build argument 'cmake_target_skip_unavailable' from command line to 'False'
[0.245s] Level 5:colcon.colcon_core.verb:set package 'eli_cs_robot_moveit_config' build argument 'cmake_clean_cache' from command line to 'False'
[0.245s] Level 5:colcon.colcon_core.verb:set package 'eli_cs_robot_moveit_config' build argument 'cmake_clean_first' from command line to 'False'
[0.245s] Level 5:colcon.colcon_core.verb:set package 'eli_cs_robot_moveit_config' build argument 'cmake_force_configure' from command line to 'False'
[0.245s] Level 5:colcon.colcon_core.verb:set package 'eli_cs_robot_moveit_config' build argument 'ament_cmake_args' from command line to 'None'
[0.245s] Level 5:colcon.colcon_core.verb:set package 'eli_cs_robot_moveit_config' build argument 'catkin_cmake_args' from command line to 'None'
[0.245s] Level 5:colcon.colcon_core.verb:set package 'eli_cs_robot_moveit_config' build argument 'catkin_skip_building_tests' from command line to 'False'
[0.245s] DEBUG:colcon.colcon_core.verb:Building package 'eli_cs_robot_moveit_config' with the following arguments: {'ament_cmake_args': None, 'build_base': '/home/robot/project/ls65_ros/ls65/elite_ros_ws/build/eli_cs_robot_moveit_config', 'catkin_cmake_args': None, 'catkin_skip_building_tests': False, 'cmake_args': None, 'cmake_clean_cache': False, 'cmake_clean_first': False, 'cmake_force_configure': False, 'cmake_target': None, 'cmake_target_skip_unavailable': False, 'install_base': '/home/robot/project/ls65_ros/ls65/elite_ros_ws/install/eli_cs_robot_moveit_config', 'merge_install': False, 'path': '/home/robot/project/ls65_ros/ls65/elite_ros_ws/src/eli_cs_robot_moveit_config', 'symlink_install': False, 'test_result_base': None}
[0.246s] Level 5:colcon.colcon_core.verb:set package 'eli_cs_robot_simulation_gz' build argument 'cmake_args' from command line to 'None'
[0.246s] Level 5:colcon.colcon_core.verb:set package 'eli_cs_robot_simulation_gz' build argument 'cmake_target' from command line to 'None'
[0.246s] Level 5:colcon.colcon_core.verb:set package 'eli_cs_robot_simulation_gz' build argument 'cmake_target_skip_unavailable' from command line to 'False'
[0.246s] Level 5:colcon.colcon_core.verb:set package 'eli_cs_robot_simulation_gz' build argument 'cmake_clean_cache' from command line to 'False'
[0.246s] Level 5:colcon.colcon_core.verb:set package 'eli_cs_robot_simulation_gz' build argument 'cmake_clean_first' from command line to 'False'
[0.246s] Level 5:colcon.colcon_core.verb:set package 'eli_cs_robot_simulation_gz' build argument 'cmake_force_configure' from command line to 'False'
[0.246s] Level 5:colcon.colcon_core.verb:set package 'eli_cs_robot_simulation_gz' build argument 'ament_cmake_args' from command line to 'None'
[0.246s] Level 5:colcon.colcon_core.verb:set package 'eli_cs_robot_simulation_gz' build argument 'catkin_cmake_args' from command line to 'None'
[0.246s] Level 5:colcon.colcon_core.verb:set package 'eli_cs_robot_simulation_gz' build argument 'catkin_skip_building_tests' from command line to 'False'
[0.246s] DEBUG:colcon.colcon_core.verb:Building package 'eli_cs_robot_simulation_gz' with the following arguments: {'ament_cmake_args': None, 'build_base': '/home/robot/project/ls65_ros/ls65/elite_ros_ws/build/eli_cs_robot_simulation_gz', 'catkin_cmake_args': None, 'catkin_skip_building_tests': False, 'cmake_args': None, 'cmake_clean_cache': False, 'cmake_clean_first': False, 'cmake_force_configure': False, 'cmake_target': None, 'cmake_target_skip_unavailable': False, 'install_base': '/home/robot/project/ls65_ros/ls65/elite_ros_ws/install/eli_cs_robot_simulation_gz', 'merge_install': False, 'path': '/home/robot/project/ls65_ros/ls65/elite_ros_ws/src/eli_cs_robot_simulation_gz', 'symlink_install': False, 'test_result_base': None}
[0.246s] INFO:colcon.colcon_core.executor:Executing jobs using 'parallel' executor
[0.246s] DEBUG:colcon.colcon_parallel_executor.executor.parallel:run_until_complete
[0.247s] INFO:colcon.colcon_ros.task.ament_cmake.build:Building ROS package in '/home/robot/project/ls65_ros/ls65/elite_ros_ws/src/eli_cs_robot_description' with build type 'ament_cmake'
[0.247s] INFO:colcon.colcon_cmake.task.cmake.build:Building CMake package in '/home/robot/project/ls65_ros/ls65/elite_ros_ws/src/eli_cs_robot_description'
[0.248s] INFO:colcon.colcon_core.plugin_system:Skipping extension 'colcon_core.shell.bat': Not used on non-Windows systems
[0.248s] INFO:colcon.colcon_core.shell:Skip shell extension 'powershell' for command environment: Not usable outside of PowerShell
[0.248s] DEBUG:colcon.colcon_core.shell:Skip shell extension 'dsv' for command environment
[0.251s] INFO:colcon.colcon_ros.task.ament_cmake.build:Building ROS package in '/home/robot/project/ls65_ros/ls65/elite_ros_ws/src/eli_common_interface' with build type 'ament_cmake'
[0.251s] INFO:colcon.colcon_cmake.task.cmake.build:Building CMake package in '/home/robot/project/ls65_ros/ls65/elite_ros_ws/src/eli_common_interface'
[0.251s] INFO:colcon.colcon_core.shell:Skip shell extension 'powershell' for command environment: Not usable outside of PowerShell
[0.251s] DEBUG:colcon.colcon_core.shell:Skip shell extension 'dsv' for command environment
[0.253s] INFO:colcon.colcon_ros.task.ament_cmake.build:Building ROS package in '/home/robot/project/ls65_ros/ls65/elite_ros_ws/src/eli_dashboard_interface' with build type 'ament_cmake'
[0.253s] INFO:colcon.colcon_cmake.task.cmake.build:Building CMake package in '/home/robot/project/ls65_ros/ls65/elite_ros_ws/src/eli_dashboard_interface'
[0.253s] INFO:colcon.colcon_core.shell:Skip shell extension 'powershell' for command environment: Not usable outside of PowerShell
[0.253s] DEBUG:colcon.colcon_core.shell:Skip shell extension 'dsv' for command environment
[0.255s] INFO:colcon.colcon_ros.task.ament_cmake.build:Building ROS package in '/home/robot/project/ls65_ros/ls65/elite_ros_ws/src/eli_cs_robot_calibration' with build type 'ament_cmake'
[0.255s] INFO:colcon.colcon_cmake.task.cmake.build:Building CMake package in '/home/robot/project/ls65_ros/ls65/elite_ros_ws/src/eli_cs_robot_calibration'
[0.255s] INFO:colcon.colcon_core.shell:Skip shell extension 'powershell' for command environment: Not usable outside of PowerShell
[0.255s] DEBUG:colcon.colcon_core.shell:Skip shell extension 'dsv' for command environment
[0.262s] DEBUG:colcon.colcon_core.event_handler.log_command:Invoking command in '/home/robot/project/ls65_ros/ls65/elite_ros_ws/build/eli_cs_robot_description': CMAKE_PREFIX_PATH=${CMAKE_PREFIX_PATH}:/opt/ros/humble /usr/bin/cmake --build /home/robot/project/ls65_ros/ls65/elite_ros_ws/build/eli_cs_robot_description -- -j16 -l16
[0.263s] DEBUG:colcon.colcon_core.event_handler.log_command:Invoking command in '/home/robot/project/ls65_ros/ls65/elite_ros_ws/build/eli_common_interface': CMAKE_PREFIX_PATH=${CMAKE_PREFIX_PATH}:/opt/ros/humble /usr/bin/cmake --build /home/robot/project/ls65_ros/ls65/elite_ros_ws/build/eli_common_interface -- -j16 -l16
[0.265s] DEBUG:colcon.colcon_core.event_handler.log_command:Invoking command in '/home/robot/project/ls65_ros/ls65/elite_ros_ws/build/eli_dashboard_interface': CMAKE_PREFIX_PATH=${CMAKE_PREFIX_PATH}:/opt/ros/humble /usr/bin/cmake --build /home/robot/project/ls65_ros/ls65/elite_ros_ws/build/eli_dashboard_interface -- -j16 -l16
[0.267s] DEBUG:colcon.colcon_core.event_handler.log_command:Invoking command in '/home/robot/project/ls65_ros/ls65/elite_ros_ws/build/eli_cs_robot_calibration': CMAKE_PREFIX_PATH=${CMAKE_PREFIX_PATH}:/opt/ros/humble /usr/bin/cmake --build /home/robot/project/ls65_ros/ls65/elite_ros_ws/build/eli_cs_robot_calibration -- -j16 -l16
[0.297s] DEBUG:colcon.colcon_core.event_handler.log_command:Invoked command in '/home/robot/project/ls65_ros/ls65/elite_ros_ws/build/eli_cs_robot_description' returned '0': CMAKE_PREFIX_PATH=${CMAKE_PREFIX_PATH}:/opt/ros/humble /usr/bin/cmake --build /home/robot/project/ls65_ros/ls65/elite_ros_ws/build/eli_cs_robot_description -- -j16 -l16
[0.308s] DEBUG:colcon.colcon_core.event_handler.log_command:Invoking command in '/home/robot/project/ls65_ros/ls65/elite_ros_ws/build/eli_cs_robot_description': CMAKE_PREFIX_PATH=${CMAKE_PREFIX_PATH}:/opt/ros/humble /usr/bin/cmake --install /home/robot/project/ls65_ros/ls65/elite_ros_ws/build/eli_cs_robot_description
[0.320s] Level 1:colcon.colcon_core.environment:create_environment_scripts_only(eli_cs_robot_description)
[0.330s] Level 1:colcon.colcon_core.environment:checking '/home/robot/project/ls65_ros/ls65/elite_ros_ws/install/eli_cs_robot_description' for CMake module files
[0.331s] Level 1:colcon.colcon_core.environment:checking '/home/robot/project/ls65_ros/ls65/elite_ros_ws/install/eli_cs_robot_description' for CMake config files
[0.331s] Level 1:colcon.colcon_core.shell:create_environment_hook('eli_cs_robot_description', 'cmake_prefix_path')
[0.332s] INFO:colcon.colcon_core.shell:Creating environment hook '/home/robot/project/ls65_ros/ls65/elite_ros_ws/install/eli_cs_robot_description/share/eli_cs_robot_description/hook/cmake_prefix_path.ps1'
[0.333s] INFO:colcon.colcon_core.shell:Creating environment descriptor '/home/robot/project/ls65_ros/ls65/elite_ros_ws/install/eli_cs_robot_description/share/eli_cs_robot_description/hook/cmake_prefix_path.dsv'
[0.333s] INFO:colcon.colcon_core.shell:Creating environment hook '/home/robot/project/ls65_ros/ls65/elite_ros_ws/install/eli_cs_robot_description/share/eli_cs_robot_description/hook/cmake_prefix_path.sh'
[0.336s] Level 1:colcon.colcon_core.environment:checking '/home/robot/project/ls65_ros/ls65/elite_ros_ws/install/eli_cs_robot_description/bin'
[0.337s] Level 1:colcon.colcon_core.environment:checking '/home/robot/project/ls65_ros/ls65/elite_ros_ws/install/eli_cs_robot_description/lib/pkgconfig/eli_cs_robot_description.pc'
[0.337s] Level 1:colcon.colcon_core.environment:checking '/home/robot/project/ls65_ros/ls65/elite_ros_ws/install/eli_cs_robot_description/lib/python3.10/site-packages'
[0.337s] Level 1:colcon.colcon_core.environment:checking '/home/robot/project/ls65_ros/ls65/elite_ros_ws/install/eli_cs_robot_description/bin'
[0.338s] INFO:colcon.colcon_core.shell:Creating package script '/home/robot/project/ls65_ros/ls65/elite_ros_ws/install/eli_cs_robot_description/share/eli_cs_robot_description/package.ps1'
[0.340s] INFO:colcon.colcon_core.shell:Creating package descriptor '/home/robot/project/ls65_ros/ls65/elite_ros_ws/install/eli_cs_robot_description/share/eli_cs_robot_description/package.dsv'
[0.342s] INFO:colcon.colcon_core.shell:Creating package script '/home/robot/project/ls65_ros/ls65/elite_ros_ws/install/eli_cs_robot_description/share/eli_cs_robot_description/package.sh'
[0.343s] INFO:colcon.colcon_core.shell:Creating package script '/home/robot/project/ls65_ros/ls65/elite_ros_ws/install/eli_cs_robot_description/share/eli_cs_robot_description/package.bash'
[0.344s] INFO:colcon.colcon_core.shell:Creating package script '/home/robot/project/ls65_ros/ls65/elite_ros_ws/install/eli_cs_robot_description/share/eli_cs_robot_description/package.zsh'
[0.345s] Level 1:colcon.colcon_core.environment:create_file_with_runtime_dependencies(/home/robot/project/ls65_ros/ls65/elite_ros_ws/install/eli_cs_robot_description/share/colcon-core/packages/eli_cs_robot_description)
[0.346s] Level 1:colcon.colcon_core.environment:create_environment_scripts_only(eli_cs_robot_description)
[0.346s] Level 1:colcon.colcon_core.environment:checking '/home/robot/project/ls65_ros/ls65/elite_ros_ws/install/eli_cs_robot_description' for CMake module files
[0.347s] Level 1:colcon.colcon_core.environment:checking '/home/robot/project/ls65_ros/ls65/elite_ros_ws/install/eli_cs_robot_description' for CMake config files
[0.348s] DEBUG:colcon.colcon_core.event_handler.log_command:Invoked command in '/home/robot/project/ls65_ros/ls65/elite_ros_ws/build/eli_cs_robot_description' returned '0': CMAKE_PREFIX_PATH=${CMAKE_PREFIX_PATH}:/opt/ros/humble /usr/bin/cmake --install /home/robot/project/ls65_ros/ls65/elite_ros_ws/build/eli_cs_robot_description
[0.349s] Level 1:colcon.colcon_core.shell:create_environment_hook('eli_cs_robot_description', 'cmake_prefix_path')
[0.350s] INFO:colcon.colcon_core.shell:Creating environment hook '/home/robot/project/ls65_ros/ls65/elite_ros_ws/install/eli_cs_robot_description/share/eli_cs_robot_description/hook/cmake_prefix_path.ps1'
[0.356s] INFO:colcon.colcon_core.shell:Creating environment descriptor '/home/robot/project/ls65_ros/ls65/elite_ros_ws/install/eli_cs_robot_description/share/eli_cs_robot_description/hook/cmake_prefix_path.dsv'
[0.357s] INFO:colcon.colcon_core.shell:Creating environment hook '/home/robot/project/ls65_ros/ls65/elite_ros_ws/install/eli_cs_robot_description/share/eli_cs_robot_description/hook/cmake_prefix_path.sh'
[0.357s] Level 1:colcon.colcon_core.environment:checking '/home/robot/project/ls65_ros/ls65/elite_ros_ws/install/eli_cs_robot_description/bin'
[0.357s] Level 1:colcon.colcon_core.environment:checking '/home/robot/project/ls65_ros/ls65/elite_ros_ws/install/eli_cs_robot_description/lib/pkgconfig/eli_cs_robot_description.pc'
[0.357s] Level 1:colcon.colcon_core.environment:checking '/home/robot/project/ls65_ros/ls65/elite_ros_ws/install/eli_cs_robot_description/lib/python3.10/site-packages'
[0.358s] Level 1:colcon.colcon_core.environment:checking '/home/robot/project/ls65_ros/ls65/elite_ros_ws/install/eli_cs_robot_description/bin'
[0.358s] INFO:colcon.colcon_core.shell:Creating package script '/home/robot/project/ls65_ros/ls65/elite_ros_ws/install/eli_cs_robot_description/share/eli_cs_robot_description/package.ps1'
[0.359s] INFO:colcon.colcon_core.shell:Creating package descriptor '/home/robot/project/ls65_ros/ls65/elite_ros_ws/install/eli_cs_robot_description/share/eli_cs_robot_description/package.dsv'
[0.359s] INFO:colcon.colcon_core.shell:Creating package script '/home/robot/project/ls65_ros/ls65/elite_ros_ws/install/eli_cs_robot_description/share/eli_cs_robot_description/package.sh'
[0.360s] INFO:colcon.colcon_core.shell:Creating package script '/home/robot/project/ls65_ros/ls65/elite_ros_ws/install/eli_cs_robot_description/share/eli_cs_robot_description/package.bash'
[0.360s] INFO:colcon.colcon_core.shell:Creating package script '/home/robot/project/ls65_ros/ls65/elite_ros_ws/install/eli_cs_robot_description/share/eli_cs_robot_description/package.zsh'
[0.360s] Level 1:colcon.colcon_core.environment:create_file_with_runtime_dependencies(/home/robot/project/ls65_ros/ls65/elite_ros_ws/install/eli_cs_robot_description/share/colcon-core/packages/eli_cs_robot_description)
[0.360s] INFO:colcon.colcon_ros.task.ament_cmake.build:Building ROS package in '/home/robot/project/ls65_ros/ls65/elite_ros_ws/src/eli_cs_robot_moveit_config' with build type 'ament_cmake'
[0.361s] INFO:colcon.colcon_cmake.task.cmake.build:Building CMake package in '/home/robot/project/ls65_ros/ls65/elite_ros_ws/src/eli_cs_robot_moveit_config'
[0.361s] INFO:colcon.colcon_core.shell:Skip shell extension 'powershell' for command environment: Not usable outside of PowerShell
[0.361s] DEBUG:colcon.colcon_core.shell:Skip shell extension 'dsv' for command environment
[0.369s] DEBUG:colcon.colcon_core.event_handler.log_command:Invoking command in '/home/robot/project/ls65_ros/ls65/elite_ros_ws/build/eli_cs_robot_moveit_config': CMAKE_PREFIX_PATH=/home/robot/project/ls65_ros/ls65/elite_ros_ws/install/eli_cs_robot_description:/home/robot/project/ls65_ros/ls65/elite_ros_ws/install/eli_cs_robot_driver:/home/robot/project/ls65_ros/ls65/elite_ros_ws/install/eli_dashboard_interface:/home/robot/project/ls65_ros/ls65/elite_ros_ws/install/eli_cs_robot_moveit_config:/home/robot/project/ls65_ros/ls65/elite_ros_ws/install/eli_cs_robot_calibration:/home/robot/project/ls65_ros/ls65/elite_ros_ws/install/eli_cs_controllers:/home/robot/project/ls65_ros/ls65/elite_ros_ws/install/eli_common_interface:/opt/ros/humble /usr/bin/cmake --build /home/robot/project/ls65_ros/ls65/elite_ros_ws/build/eli_cs_robot_moveit_config -- -j16 -l16
[0.374s] DEBUG:colcon.colcon_core.event_handler.log_command:Invoked command in '/home/robot/project/ls65_ros/ls65/elite_ros_ws/build/eli_cs_robot_calibration' returned '0': CMAKE_PREFIX_PATH=${CMAKE_PREFIX_PATH}:/opt/ros/humble /usr/bin/cmake --build /home/robot/project/ls65_ros/ls65/elite_ros_ws/build/eli_cs_robot_calibration -- -j16 -l16
[0.375s] DEBUG:colcon.colcon_core.event_handler.log_command:Invoking command in '/home/robot/project/ls65_ros/ls65/elite_ros_ws/build/eli_cs_robot_calibration': CMAKE_PREFIX_PATH=${CMAKE_PREFIX_PATH}:/opt/ros/humble /usr/bin/cmake --install /home/robot/project/ls65_ros/ls65/elite_ros_ws/build/eli_cs_robot_calibration
[0.382s] Level 1:colcon.colcon_core.environment:create_environment_scripts_only(eli_cs_robot_calibration)
[0.383s] Level 1:colcon.colcon_core.environment:checking '/home/robot/project/ls65_ros/ls65/elite_ros_ws/install/eli_cs_robot_calibration' for CMake module files
[0.384s] DEBUG:colcon.colcon_core.event_handler.log_command:Invoked command in '/home/robot/project/ls65_ros/ls65/elite_ros_ws/build/eli_cs_robot_calibration' returned '0': CMAKE_PREFIX_PATH=${CMAKE_PREFIX_PATH}:/opt/ros/humble /usr/bin/cmake --install /home/robot/project/ls65_ros/ls65/elite_ros_ws/build/eli_cs_robot_calibration
[0.384s] Level 1:colcon.colcon_core.environment:checking '/home/robot/project/ls65_ros/ls65/elite_ros_ws/install/eli_cs_robot_calibration' for CMake config files
[0.384s] Level 1:colcon.colcon_core.shell:create_environment_hook('eli_cs_robot_calibration', 'cmake_prefix_path')
[0.385s] INFO:colcon.colcon_core.shell:Creating environment hook '/home/robot/project/ls65_ros/ls65/elite_ros_ws/install/eli_cs_robot_calibration/share/eli_cs_robot_calibration/hook/cmake_prefix_path.ps1'
[0.385s] INFO:colcon.colcon_core.shell:Creating environment descriptor '/home/robot/project/ls65_ros/ls65/elite_ros_ws/install/eli_cs_robot_calibration/share/eli_cs_robot_calibration/hook/cmake_prefix_path.dsv'
[0.386s] INFO:colcon.colcon_core.shell:Creating environment hook '/home/robot/project/ls65_ros/ls65/elite_ros_ws/install/eli_cs_robot_calibration/share/eli_cs_robot_calibration/hook/cmake_prefix_path.sh'
[0.386s] Level 1:colcon.colcon_core.environment:checking '/home/robot/project/ls65_ros/ls65/elite_ros_ws/install/eli_cs_robot_calibration/lib'
[0.386s] Level 1:colcon.colcon_core.environment:checking '/home/robot/project/ls65_ros/ls65/elite_ros_ws/install/eli_cs_robot_calibration/bin'
[0.386s] Level 1:colcon.colcon_core.environment:checking '/home/robot/project/ls65_ros/ls65/elite_ros_ws/install/eli_cs_robot_calibration/lib/pkgconfig/eli_cs_robot_calibration.pc'
[0.387s] Level 1:colcon.colcon_core.environment:checking '/home/robot/project/ls65_ros/ls65/elite_ros_ws/install/eli_cs_robot_calibration/lib/python3.10/site-packages'
[0.387s] Level 1:colcon.colcon_core.environment:checking '/home/robot/project/ls65_ros/ls65/elite_ros_ws/install/eli_cs_robot_calibration/bin'
[0.387s] INFO:colcon.colcon_core.shell:Creating package script '/home/robot/project/ls65_ros/ls65/elite_ros_ws/install/eli_cs_robot_calibration/share/eli_cs_robot_calibration/package.ps1'
[0.388s] INFO:colcon.colcon_core.shell:Creating package descriptor '/home/robot/project/ls65_ros/ls65/elite_ros_ws/install/eli_cs_robot_calibration/share/eli_cs_robot_calibration/package.dsv'
[0.389s] INFO:colcon.colcon_core.shell:Creating package script '/home/robot/project/ls65_ros/ls65/elite_ros_ws/install/eli_cs_robot_calibration/share/eli_cs_robot_calibration/package.sh'
[0.389s] INFO:colcon.colcon_core.shell:Creating package script '/home/robot/project/ls65_ros/ls65/elite_ros_ws/install/eli_cs_robot_calibration/share/eli_cs_robot_calibration/package.bash'
[0.390s] INFO:colcon.colcon_core.shell:Creating package script '/home/robot/project/ls65_ros/ls65/elite_ros_ws/install/eli_cs_robot_calibration/share/eli_cs_robot_calibration/package.zsh'
[0.390s] Level 1:colcon.colcon_core.environment:create_file_with_runtime_dependencies(/home/robot/project/ls65_ros/ls65/elite_ros_ws/install/eli_cs_robot_calibration/share/colcon-core/packages/eli_cs_robot_calibration)
[0.391s] Level 1:colcon.colcon_core.environment:create_environment_scripts_only(eli_cs_robot_calibration)
[0.391s] Level 1:colcon.colcon_core.environment:checking '/home/robot/project/ls65_ros/ls65/elite_ros_ws/install/eli_cs_robot_calibration' for CMake module files
[0.392s] Level 1:colcon.colcon_core.environment:checking '/home/robot/project/ls65_ros/ls65/elite_ros_ws/install/eli_cs_robot_calibration' for CMake config files
[0.392s] Level 1:colcon.colcon_core.shell:create_environment_hook('eli_cs_robot_calibration', 'cmake_prefix_path')
[0.392s] INFO:colcon.colcon_core.shell:Creating environment hook '/home/robot/project/ls65_ros/ls65/elite_ros_ws/install/eli_cs_robot_calibration/share/eli_cs_robot_calibration/hook/cmake_prefix_path.ps1'
[0.393s] INFO:colcon.colcon_core.shell:Creating environment descriptor '/home/robot/project/ls65_ros/ls65/elite_ros_ws/install/eli_cs_robot_calibration/share/eli_cs_robot_calibration/hook/cmake_prefix_path.dsv'
[0.393s] INFO:colcon.colcon_core.shell:Creating environment hook '/home/robot/project/ls65_ros/ls65/elite_ros_ws/install/eli_cs_robot_calibration/share/eli_cs_robot_calibration/hook/cmake_prefix_path.sh'
[0.394s] Level 1:colcon.colcon_core.environment:checking '/home/robot/project/ls65_ros/ls65/elite_ros_ws/install/eli_cs_robot_calibration/lib'
[0.394s] Level 1:colcon.colcon_core.environment:checking '/home/robot/project/ls65_ros/ls65/elite_ros_ws/install/eli_cs_robot_calibration/bin'
[0.394s] Level 1:colcon.colcon_core.environment:checking '/home/robot/project/ls65_ros/ls65/elite_ros_ws/install/eli_cs_robot_calibration/lib/pkgconfig/eli_cs_robot_calibration.pc'
[0.394s] Level 1:colcon.colcon_core.environment:checking '/home/robot/project/ls65_ros/ls65/elite_ros_ws/install/eli_cs_robot_calibration/lib/python3.10/site-packages'
[0.394s] Level 1:colcon.colcon_core.environment:checking '/home/robot/project/ls65_ros/ls65/elite_ros_ws/install/eli_cs_robot_calibration/bin'
[0.395s] INFO:colcon.colcon_core.shell:Creating package script '/home/robot/project/ls65_ros/ls65/elite_ros_ws/install/eli_cs_robot_calibration/share/eli_cs_robot_calibration/package.ps1'
[0.396s] INFO:colcon.colcon_core.shell:Creating package descriptor '/home/robot/project/ls65_ros/ls65/elite_ros_ws/install/eli_cs_robot_calibration/share/eli_cs_robot_calibration/package.dsv'
[0.396s] INFO:colcon.colcon_core.shell:Creating package script '/home/robot/project/ls65_ros/ls65/elite_ros_ws/install/eli_cs_robot_calibration/share/eli_cs_robot_calibration/package.sh'
[0.397s] INFO:colcon.colcon_core.shell:Creating package script '/home/robot/project/ls65_ros/ls65/elite_ros_ws/install/eli_cs_robot_calibration/share/eli_cs_robot_calibration/package.bash'
[0.397s] INFO:colcon.colcon_core.shell:Creating package script '/home/robot/project/ls65_ros/ls65/elite_ros_ws/install/eli_cs_robot_calibration/share/eli_cs_robot_calibration/package.zsh'
[0.398s] Level 1:colcon.colcon_core.environment:create_file_with_runtime_dependencies(/home/robot/project/ls65_ros/ls65/elite_ros_ws/install/eli_cs_robot_calibration/share/colcon-core/packages/eli_cs_robot_calibration)
[0.517s] DEBUG:colcon.colcon_core.event_handler.log_command:Invoked command in '/home/robot/project/ls65_ros/ls65/elite_ros_ws/build/eli_dashboard_interface' returned '0': CMAKE_PREFIX_PATH=${CMAKE_PREFIX_PATH}:/opt/ros/humble /usr/bin/cmake --build /home/robot/project/ls65_ros/ls65/elite_ros_ws/build/eli_dashboard_interface -- -j16 -l16
[0.519s] DEBUG:colcon.colcon_core.event_handler.log_command:Invoking command in '/home/robot/project/ls65_ros/ls65/elite_ros_ws/build/eli_dashboard_interface': CMAKE_PREFIX_PATH=${CMAKE_PREFIX_PATH}:/opt/ros/humble /usr/bin/cmake --install /home/robot/project/ls65_ros/ls65/elite_ros_ws/build/eli_dashboard_interface
[0.527s] DEBUG:colcon.colcon_core.event_handler.log_command:Invoked command in '/home/robot/project/ls65_ros/ls65/elite_ros_ws/build/eli_common_interface' returned '0': CMAKE_PREFIX_PATH=${CMAKE_PREFIX_PATH}:/opt/ros/humble /usr/bin/cmake --build /home/robot/project/ls65_ros/ls65/elite_ros_ws/build/eli_common_interface -- -j16 -l16
[0.529s] DEBUG:colcon.colcon_core.event_handler.log_command:Invoking command in '/home/robot/project/ls65_ros/ls65/elite_ros_ws/build/eli_common_interface': CMAKE_PREFIX_PATH=${CMAKE_PREFIX_PATH}:/opt/ros/humble /usr/bin/cmake --install /home/robot/project/ls65_ros/ls65/elite_ros_ws/build/eli_common_interface
[0.563s] Level 1:colcon.colcon_core.environment:create_environment_scripts_only(eli_dashboard_interface)
[0.563s] Level 1:colcon.colcon_core.environment:checking '/home/robot/project/ls65_ros/ls65/elite_ros_ws/install/eli_dashboard_interface' for CMake module files
[0.565s] Level 1:colcon.colcon_core.environment:checking '/home/robot/project/ls65_ros/ls65/elite_ros_ws/install/eli_dashboard_interface' for CMake config files
[0.566s] Level 1:colcon.colcon_core.shell:create_environment_hook('eli_dashboard_interface', 'cmake_prefix_path')
[0.567s] INFO:colcon.colcon_core.shell:Creating environment hook '/home/robot/project/ls65_ros/ls65/elite_ros_ws/install/eli_dashboard_interface/share/eli_dashboard_interface/hook/cmake_prefix_path.ps1'
[0.690s] INFO:colcon.colcon_core.shell:Creating environment descriptor '/home/robot/project/ls65_ros/ls65/elite_ros_ws/install/eli_dashboard_interface/share/eli_dashboard_interface/hook/cmake_prefix_path.dsv'
[0.693s] INFO:colcon.colcon_core.shell:Creating environment hook '/home/robot/project/ls65_ros/ls65/elite_ros_ws/install/eli_dashboard_interface/share/eli_dashboard_interface/hook/cmake_prefix_path.sh'
[0.696s] Level 1:colcon.colcon_core.environment:checking '/home/robot/project/ls65_ros/ls65/elite_ros_ws/install/eli_dashboard_interface/lib'
[0.698s] Level 1:colcon.colcon_core.shell:create_environment_hook('eli_dashboard_interface', 'ld_library_path_lib')
[0.699s] INFO:colcon.colcon_core.shell:Creating environment hook '/home/robot/project/ls65_ros/ls65/elite_ros_ws/install/eli_dashboard_interface/share/eli_dashboard_interface/hook/ld_library_path_lib.ps1'
[0.702s] DEBUG:colcon.colcon_core.event_handler.log_command:Invoked command in '/home/robot/project/ls65_ros/ls65/elite_ros_ws/build/eli_dashboard_interface' returned '0': CMAKE_PREFIX_PATH=${CMAKE_PREFIX_PATH}:/opt/ros/humble /usr/bin/cmake --install /home/robot/project/ls65_ros/ls65/elite_ros_ws/build/eli_dashboard_interface
[0.705s] INFO:colcon.colcon_core.shell:Creating environment descriptor '/home/robot/project/ls65_ros/ls65/elite_ros_ws/install/eli_dashboard_interface/share/eli_dashboard_interface/hook/ld_library_path_lib.dsv'
[0.710s] INFO:colcon.colcon_core.shell:Creating environment hook '/home/robot/project/ls65_ros/ls65/elite_ros_ws/install/eli_dashboard_interface/share/eli_dashboard_interface/hook/ld_library_path_lib.sh'
[0.711s] Level 1:colcon.colcon_core.environment:checking '/home/robot/project/ls65_ros/ls65/elite_ros_ws/install/eli_dashboard_interface/bin'
[0.711s] Level 1:colcon.colcon_core.environment:checking '/home/robot/project/ls65_ros/ls65/elite_ros_ws/install/eli_dashboard_interface/lib/pkgconfig/eli_dashboard_interface.pc'
[0.711s] Level 1:colcon.colcon_core.environment:checking '/home/robot/project/ls65_ros/ls65/elite_ros_ws/install/eli_dashboard_interface/lib/python3.10/site-packages'
[0.712s] Level 1:colcon.colcon_core.environment:checking '/home/robot/project/ls65_ros/ls65/elite_ros_ws/install/eli_dashboard_interface/bin'
[0.712s] INFO:colcon.colcon_core.shell:Creating package script '/home/robot/project/ls65_ros/ls65/elite_ros_ws/install/eli_dashboard_interface/share/eli_dashboard_interface/package.ps1'
[0.714s] INFO:colcon.colcon_core.shell:Creating package descriptor '/home/robot/project/ls65_ros/ls65/elite_ros_ws/install/eli_dashboard_interface/share/eli_dashboard_interface/package.dsv'
[0.715s] INFO:colcon.colcon_core.shell:Creating package script '/home/robot/project/ls65_ros/ls65/elite_ros_ws/install/eli_dashboard_interface/share/eli_dashboard_interface/package.sh'
[0.715s] INFO:colcon.colcon_core.shell:Creating package script '/home/robot/project/ls65_ros/ls65/elite_ros_ws/install/eli_dashboard_interface/share/eli_dashboard_interface/package.bash'
[0.716s] INFO:colcon.colcon_core.shell:Creating package script '/home/robot/project/ls65_ros/ls65/elite_ros_ws/install/eli_dashboard_interface/share/eli_dashboard_interface/package.zsh'
[0.716s] Level 1:colcon.colcon_core.environment:create_file_with_runtime_dependencies(/home/robot/project/ls65_ros/ls65/elite_ros_ws/install/eli_dashboard_interface/share/colcon-core/packages/eli_dashboard_interface)
[0.717s] Level 1:colcon.colcon_core.environment:create_environment_scripts_only(eli_dashboard_interface)
[0.717s] Level 1:colcon.colcon_core.environment:checking '/home/robot/project/ls65_ros/ls65/elite_ros_ws/install/eli_dashboard_interface' for CMake module files
[0.718s] Level 1:colcon.colcon_core.environment:checking '/home/robot/project/ls65_ros/ls65/elite_ros_ws/install/eli_dashboard_interface' for CMake config files
[0.718s] Level 1:colcon.colcon_core.shell:create_environment_hook('eli_dashboard_interface', 'cmake_prefix_path')
[0.718s] INFO:colcon.colcon_core.shell:Creating environment hook '/home/robot/project/ls65_ros/ls65/elite_ros_ws/install/eli_dashboard_interface/share/eli_dashboard_interface/hook/cmake_prefix_path.ps1'
[0.845s] INFO:colcon.colcon_core.shell:Creating environment descriptor '/home/robot/project/ls65_ros/ls65/elite_ros_ws/install/eli_dashboard_interface/share/eli_dashboard_interface/hook/cmake_prefix_path.dsv'
[0.847s] INFO:colcon.colcon_core.shell:Creating environment hook '/home/robot/project/ls65_ros/ls65/elite_ros_ws/install/eli_dashboard_interface/share/eli_dashboard_interface/hook/cmake_prefix_path.sh'
[0.849s] Level 1:colcon.colcon_core.environment:checking '/home/robot/project/ls65_ros/ls65/elite_ros_ws/install/eli_dashboard_interface/lib'
[0.850s] Level 1:colcon.colcon_core.shell:create_environment_hook('eli_dashboard_interface', 'ld_library_path_lib')
[0.850s] INFO:colcon.colcon_core.shell:Creating environment hook '/home/robot/project/ls65_ros/ls65/elite_ros_ws/install/eli_dashboard_interface/share/eli_dashboard_interface/hook/ld_library_path_lib.ps1'
[0.851s] INFO:colcon.colcon_core.shell:Creating environment descriptor '/home/robot/project/ls65_ros/ls65/elite_ros_ws/install/eli_dashboard_interface/share/eli_dashboard_interface/hook/ld_library_path_lib.dsv'
[0.852s] INFO:colcon.colcon_core.shell:Creating environment hook '/home/robot/project/ls65_ros/ls65/elite_ros_ws/install/eli_dashboard_interface/share/eli_dashboard_interface/hook/ld_library_path_lib.sh'
[0.853s] Level 1:colcon.colcon_core.environment:checking '/home/robot/project/ls65_ros/ls65/elite_ros_ws/install/eli_dashboard_interface/bin'
[0.853s] Level 1:colcon.colcon_core.environment:checking '/home/robot/project/ls65_ros/ls65/elite_ros_ws/install/eli_dashboard_interface/lib/pkgconfig/eli_dashboard_interface.pc'
[0.853s] Level 1:colcon.colcon_core.environment:checking '/home/robot/project/ls65_ros/ls65/elite_ros_ws/install/eli_dashboard_interface/lib/python3.10/site-packages'
[0.854s] Level 1:colcon.colcon_core.environment:checking '/home/robot/project/ls65_ros/ls65/elite_ros_ws/install/eli_dashboard_interface/bin'
[0.854s] INFO:colcon.colcon_core.shell:Creating package script '/home/robot/project/ls65_ros/ls65/elite_ros_ws/install/eli_dashboard_interface/share/eli_dashboard_interface/package.ps1'
[0.855s] INFO:colcon.colcon_core.shell:Creating package descriptor '/home/robot/project/ls65_ros/ls65/elite_ros_ws/install/eli_dashboard_interface/share/eli_dashboard_interface/package.dsv'
[0.856s] INFO:colcon.colcon_core.shell:Creating package script '/home/robot/project/ls65_ros/ls65/elite_ros_ws/install/eli_dashboard_interface/share/eli_dashboard_interface/package.sh'
[0.857s] INFO:colcon.colcon_core.shell:Creating package script '/home/robot/project/ls65_ros/ls65/elite_ros_ws/install/eli_dashboard_interface/share/eli_dashboard_interface/package.bash'
[0.857s] INFO:colcon.colcon_core.shell:Creating package script '/home/robot/project/ls65_ros/ls65/elite_ros_ws/install/eli_dashboard_interface/share/eli_dashboard_interface/package.zsh'
[0.857s] Level 1:colcon.colcon_core.environment:create_file_with_runtime_dependencies(/home/robot/project/ls65_ros/ls65/elite_ros_ws/install/eli_dashboard_interface/share/colcon-core/packages/eli_dashboard_interface)
[0.859s] Level 1:colcon.colcon_core.environment:create_environment_scripts_only(eli_common_interface)
[0.860s] Level 1:colcon.colcon_core.environment:checking '/home/robot/project/ls65_ros/ls65/elite_ros_ws/install/eli_common_interface' for CMake module files
[0.860s] DEBUG:colcon.colcon_core.event_handler.log_command:Invoked command in '/home/robot/project/ls65_ros/ls65/elite_ros_ws/build/eli_common_interface' returned '0': CMAKE_PREFIX_PATH=${CMAKE_PREFIX_PATH}:/opt/ros/humble /usr/bin/cmake --install /home/robot/project/ls65_ros/ls65/elite_ros_ws/build/eli_common_interface
[0.861s] Level 1:colcon.colcon_core.environment:checking '/home/robot/project/ls65_ros/ls65/elite_ros_ws/install/eli_common_interface' for CMake config files
[0.862s] Level 1:colcon.colcon_core.shell:create_environment_hook('eli_common_interface', 'cmake_prefix_path')
[0.863s] INFO:colcon.colcon_core.shell:Creating environment hook '/home/robot/project/ls65_ros/ls65/elite_ros_ws/install/eli_common_interface/share/eli_common_interface/hook/cmake_prefix_path.ps1'
[0.864s] INFO:colcon.colcon_core.shell:Creating environment descriptor '/home/robot/project/ls65_ros/ls65/elite_ros_ws/install/eli_common_interface/share/eli_common_interface/hook/cmake_prefix_path.dsv'
[0.865s] INFO:colcon.colcon_core.shell:Creating environment hook '/home/robot/project/ls65_ros/ls65/elite_ros_ws/install/eli_common_interface/share/eli_common_interface/hook/cmake_prefix_path.sh'
[0.866s] Level 1:colcon.colcon_core.environment:checking '/home/robot/project/ls65_ros/ls65/elite_ros_ws/install/eli_common_interface/lib'
[0.866s] Level 1:colcon.colcon_core.shell:create_environment_hook('eli_common_interface', 'ld_library_path_lib')
[0.866s] INFO:colcon.colcon_core.shell:Creating environment hook '/home/robot/project/ls65_ros/ls65/elite_ros_ws/install/eli_common_interface/share/eli_common_interface/hook/ld_library_path_lib.ps1'
[0.867s] INFO:colcon.colcon_core.shell:Creating environment descriptor '/home/robot/project/ls65_ros/ls65/elite_ros_ws/install/eli_common_interface/share/eli_common_interface/hook/ld_library_path_lib.dsv'
[0.867s] INFO:colcon.colcon_core.shell:Creating environment hook '/home/robot/project/ls65_ros/ls65/elite_ros_ws/install/eli_common_interface/share/eli_common_interface/hook/ld_library_path_lib.sh'
[0.867s] Level 1:colcon.colcon_core.environment:checking '/home/robot/project/ls65_ros/ls65/elite_ros_ws/install/eli_common_interface/bin'
[0.867s] Level 1:colcon.colcon_core.environment:checking '/home/robot/project/ls65_ros/ls65/elite_ros_ws/install/eli_common_interface/lib/pkgconfig/eli_common_interface.pc'
[0.868s] Level 1:colcon.colcon_core.environment:checking '/home/robot/project/ls65_ros/ls65/elite_ros_ws/install/eli_common_interface/lib/python3.10/site-packages'
[0.868s] Level 1:colcon.colcon_core.environment:checking '/home/robot/project/ls65_ros/ls65/elite_ros_ws/install/eli_common_interface/bin'
[0.868s] INFO:colcon.colcon_core.shell:Creating package script '/home/robot/project/ls65_ros/ls65/elite_ros_ws/install/eli_common_interface/share/eli_common_interface/package.ps1'
[0.869s] INFO:colcon.colcon_core.shell:Creating package descriptor '/home/robot/project/ls65_ros/ls65/elite_ros_ws/install/eli_common_interface/share/eli_common_interface/package.dsv'
[0.869s] INFO:colcon.colcon_core.shell:Creating package script '/home/robot/project/ls65_ros/ls65/elite_ros_ws/install/eli_common_interface/share/eli_common_interface/package.sh'
[0.869s] INFO:colcon.colcon_core.shell:Creating package script '/home/robot/project/ls65_ros/ls65/elite_ros_ws/install/eli_common_interface/share/eli_common_interface/package.bash'
[0.869s] INFO:colcon.colcon_core.shell:Creating package script '/home/robot/project/ls65_ros/ls65/elite_ros_ws/install/eli_common_interface/share/eli_common_interface/package.zsh'
[0.869s] Level 1:colcon.colcon_core.environment:create_file_with_runtime_dependencies(/home/robot/project/ls65_ros/ls65/elite_ros_ws/install/eli_common_interface/share/colcon-core/packages/eli_common_interface)
[0.870s] Level 1:colcon.colcon_core.environment:create_environment_scripts_only(eli_common_interface)
[0.870s] Level 1:colcon.colcon_core.environment:checking '/home/robot/project/ls65_ros/ls65/elite_ros_ws/install/eli_common_interface' for CMake module files
[0.870s] Level 1:colcon.colcon_core.environment:checking '/home/robot/project/ls65_ros/ls65/elite_ros_ws/install/eli_common_interface' for CMake config files
[0.870s] Level 1:colcon.colcon_core.shell:create_environment_hook('eli_common_interface', 'cmake_prefix_path')
[0.871s] INFO:colcon.colcon_core.shell:Creating environment hook '/home/robot/project/ls65_ros/ls65/elite_ros_ws/install/eli_common_interface/share/eli_common_interface/hook/cmake_prefix_path.ps1'
[0.871s] INFO:colcon.colcon_core.shell:Creating environment descriptor '/home/robot/project/ls65_ros/ls65/elite_ros_ws/install/eli_common_interface/share/eli_common_interface/hook/cmake_prefix_path.dsv'
[0.871s] INFO:colcon.colcon_core.shell:Creating environment hook '/home/robot/project/ls65_ros/ls65/elite_ros_ws/install/eli_common_interface/share/eli_common_interface/hook/cmake_prefix_path.sh'
[0.871s] Level 1:colcon.colcon_core.environment:checking '/home/robot/project/ls65_ros/ls65/elite_ros_ws/install/eli_common_interface/lib'
[0.871s] Level 1:colcon.colcon_core.shell:create_environment_hook('eli_common_interface', 'ld_library_path_lib')
[0.871s] INFO:colcon.colcon_core.shell:Creating environment hook '/home/robot/project/ls65_ros/ls65/elite_ros_ws/install/eli_common_interface/share/eli_common_interface/hook/ld_library_path_lib.ps1'
[0.872s] INFO:colcon.colcon_core.shell:Creating environment descriptor '/home/robot/project/ls65_ros/ls65/elite_ros_ws/install/eli_common_interface/share/eli_common_interface/hook/ld_library_path_lib.dsv'
[0.872s] INFO:colcon.colcon_core.shell:Creating environment hook '/home/robot/project/ls65_ros/ls65/elite_ros_ws/install/eli_common_interface/share/eli_common_interface/hook/ld_library_path_lib.sh'
[0.872s] Level 1:colcon.colcon_core.environment:checking '/home/robot/project/ls65_ros/ls65/elite_ros_ws/install/eli_common_interface/bin'
[0.872s] Level 1:colcon.colcon_core.environment:checking '/home/robot/project/ls65_ros/ls65/elite_ros_ws/install/eli_common_interface/lib/pkgconfig/eli_common_interface.pc'
[0.872s] Level 1:colcon.colcon_core.environment:checking '/home/robot/project/ls65_ros/ls65/elite_ros_ws/install/eli_common_interface/lib/python3.10/site-packages'
[0.872s] Level 1:colcon.colcon_core.environment:checking '/home/robot/project/ls65_ros/ls65/elite_ros_ws/install/eli_common_interface/bin'
[0.873s] INFO:colcon.colcon_core.shell:Creating package script '/home/robot/project/ls65_ros/ls65/elite_ros_ws/install/eli_common_interface/share/eli_common_interface/package.ps1'
[0.873s] INFO:colcon.colcon_core.shell:Creating package descriptor '/home/robot/project/ls65_ros/ls65/elite_ros_ws/install/eli_common_interface/share/eli_common_interface/package.dsv'
[0.873s] INFO:colcon.colcon_core.shell:Creating package script '/home/robot/project/ls65_ros/ls65/elite_ros_ws/install/eli_common_interface/share/eli_common_interface/package.sh'
[0.873s] INFO:colcon.colcon_core.shell:Creating package script '/home/robot/project/ls65_ros/ls65/elite_ros_ws/install/eli_common_interface/share/eli_common_interface/package.bash'
[0.874s] INFO:colcon.colcon_core.shell:Creating package script '/home/robot/project/ls65_ros/ls65/elite_ros_ws/install/eli_common_interface/share/eli_common_interface/package.zsh'
[0.874s] Level 1:colcon.colcon_core.environment:create_file_with_runtime_dependencies(/home/robot/project/ls65_ros/ls65/elite_ros_ws/install/eli_common_interface/share/colcon-core/packages/eli_common_interface)
[0.874s] DEBUG:colcon.colcon_core.event_handler.log_command:Invoked command in '/home/robot/project/ls65_ros/ls65/elite_ros_ws/build/eli_cs_robot_moveit_config' returned '0': CMAKE_PREFIX_PATH=/home/robot/project/ls65_ros/ls65/elite_ros_ws/install/eli_cs_robot_description:/home/robot/project/ls65_ros/ls65/elite_ros_ws/install/eli_cs_robot_driver:/home/robot/project/ls65_ros/ls65/elite_ros_ws/install/eli_dashboard_interface:/home/robot/project/ls65_ros/ls65/elite_ros_ws/install/eli_cs_robot_moveit_config:/home/robot/project/ls65_ros/ls65/elite_ros_ws/install/eli_cs_robot_calibration:/home/robot/project/ls65_ros/ls65/elite_ros_ws/install/eli_cs_controllers:/home/robot/project/ls65_ros/ls65/elite_ros_ws/install/eli_common_interface:/opt/ros/humble /usr/bin/cmake --build /home/robot/project/ls65_ros/ls65/elite_ros_ws/build/eli_cs_robot_moveit_config -- -j16 -l16
[0.875s] DEBUG:colcon.colcon_core.event_handler.log_command:Invoking command in '/home/robot/project/ls65_ros/ls65/elite_ros_ws/build/eli_cs_robot_moveit_config': CMAKE_PREFIX_PATH=/home/robot/project/ls65_ros/ls65/elite_ros_ws/install/eli_cs_robot_description:/home/robot/project/ls65_ros/ls65/elite_ros_ws/install/eli_cs_robot_driver:/home/robot/project/ls65_ros/ls65/elite_ros_ws/install/eli_dashboard_interface:/home/robot/project/ls65_ros/ls65/elite_ros_ws/install/eli_cs_robot_moveit_config:/home/robot/project/ls65_ros/ls65/elite_ros_ws/install/eli_cs_robot_calibration:/home/robot/project/ls65_ros/ls65/elite_ros_ws/install/eli_cs_controllers:/home/robot/project/ls65_ros/ls65/elite_ros_ws/install/eli_common_interface:/opt/ros/humble /usr/bin/cmake --install /home/robot/project/ls65_ros/ls65/elite_ros_ws/build/eli_cs_robot_moveit_config
[0.876s] INFO:colcon.colcon_ros.task.ament_cmake.build:Building ROS package in '/home/robot/project/ls65_ros/ls65/elite_ros_ws/src/eli_cs_controllers' with build type 'ament_cmake'
[0.876s] INFO:colcon.colcon_cmake.task.cmake.build:Building CMake package in '/home/robot/project/ls65_ros/ls65/elite_ros_ws/src/eli_cs_controllers'
[0.876s] INFO:colcon.colcon_core.shell:Skip shell extension 'powershell' for command environment: Not usable outside of PowerShell
[0.876s] DEBUG:colcon.colcon_core.shell:Skip shell extension 'dsv' for command environment
[0.878s] INFO:colcon.colcon_ros.task.ament_cmake.build:Building ROS package in '/home/robot/project/ls65_ros/ls65/elite_ros_ws/src/eli_cs_robot_driver' with build type 'ament_cmake'
[0.878s] INFO:colcon.colcon_cmake.task.cmake.build:Building CMake package in '/home/robot/project/ls65_ros/ls65/elite_ros_ws/src/eli_cs_robot_driver'
[0.878s] INFO:colcon.colcon_core.shell:Skip shell extension 'powershell' for command environment: Not usable outside of PowerShell
[0.878s] DEBUG:colcon.colcon_core.shell:Skip shell extension 'dsv' for command environment
[0.887s] DEBUG:colcon.colcon_core.event_handler.log_command:Invoking command in '/home/robot/project/ls65_ros/ls65/elite_ros_ws/build/eli_cs_controllers': CMAKE_PREFIX_PATH=/home/robot/project/ls65_ros/ls65/elite_ros_ws/install/eli_common_interface:/home/robot/project/ls65_ros/ls65/elite_ros_ws/install/eli_cs_robot_driver:/home/robot/project/ls65_ros/ls65/elite_ros_ws/install/eli_dashboard_interface:/home/robot/project/ls65_ros/ls65/elite_ros_ws/install/eli_cs_robot_moveit_config:/home/robot/project/ls65_ros/ls65/elite_ros_ws/install/eli_cs_robot_description:/home/robot/project/ls65_ros/ls65/elite_ros_ws/install/eli_cs_robot_calibration:/home/robot/project/ls65_ros/ls65/elite_ros_ws/install/eli_cs_controllers:/opt/ros/humble LD_LIBRARY_PATH=/home/robot/project/ls65_ros/ls65/elite_ros_ws/install/eli_common_interface/lib:/home/robot/project/ls65_ros/ls65/elite_ros_ws/install/eli_cs_robot_driver/lib:/home/robot/project/ls65_ros/ls65/elite_ros_ws/install/eli_dashboard_interface/lib:/home/robot/project/ls65_ros/ls65/elite_ros_ws/install/eli_cs_controllers/lib:/path/to/cuda-12.4/lib64:/usr/lib/x86_64-linux-gnu/gazebo-11/plugins:/opt/ros/humble/opt/rviz_ogre_vendor/lib:/opt/ros/humble/lib/x86_64-linux-gnu:/opt/ros/humble/lib:/path/to/cuda-12.1/lib64:/home/robot/software/mujoco-3.3.7/mujoco-3.3.7-linux-x86_64/mujoco-3.3.7/lib /usr/bin/cmake --build /home/robot/project/ls65_ros/ls65/elite_ros_ws/build/eli_cs_controllers -- -j16 -l16
[0.890s] DEBUG:colcon.colcon_core.event_handler.log_command:Invoking command in '/home/robot/project/ls65_ros/ls65/elite_ros_ws/build/eli_cs_robot_driver': CMAKE_PREFIX_PATH=/home/robot/project/ls65_ros/ls65/elite_ros_ws/install/eli_dashboard_interface:/home/robot/project/ls65_ros/ls65/elite_ros_ws/install/eli_cs_robot_description:/home/robot/project/ls65_ros/ls65/elite_ros_ws/install/eli_common_interface:/home/robot/project/ls65_ros/ls65/elite_ros_ws/install/eli_cs_robot_driver:/home/robot/project/ls65_ros/ls65/elite_ros_ws/install/eli_cs_robot_moveit_config:/home/robot/project/ls65_ros/ls65/elite_ros_ws/install/eli_cs_robot_calibration:/home/robot/project/ls65_ros/ls65/elite_ros_ws/install/eli_cs_controllers:/opt/ros/humble LD_LIBRARY_PATH=/home/robot/project/ls65_ros/ls65/elite_ros_ws/install/eli_dashboard_interface/lib:/home/robot/project/ls65_ros/ls65/elite_ros_ws/install/eli_common_interface/lib:/home/robot/project/ls65_ros/ls65/elite_ros_ws/install/eli_cs_robot_driver/lib:/home/robot/project/ls65_ros/ls65/elite_ros_ws/install/eli_cs_controllers/lib:/path/to/cuda-12.4/lib64:/usr/lib/x86_64-linux-gnu/gazebo-11/plugins:/opt/ros/humble/opt/rviz_ogre_vendor/lib:/opt/ros/humble/lib/x86_64-linux-gnu:/opt/ros/humble/lib:/path/to/cuda-12.1/lib64:/home/robot/software/mujoco-3.3.7/mujoco-3.3.7-linux-x86_64/mujoco-3.3.7/lib /usr/bin/cmake --build /home/robot/project/ls65_ros/ls65/elite_ros_ws/build/eli_cs_robot_driver -- -j16 -l16
[0.937s] Level 1:colcon.colcon_core.environment:create_environment_scripts_only(eli_cs_robot_moveit_config)
[0.937s] Level 1:colcon.colcon_core.environment:checking '/home/robot/project/ls65_ros/ls65/elite_ros_ws/install/eli_cs_robot_moveit_config' for CMake module files
[0.938s] DEBUG:colcon.colcon_core.event_handler.log_command:Invoked command in '/home/robot/project/ls65_ros/ls65/elite_ros_ws/build/eli_cs_robot_moveit_config' returned '0': CMAKE_PREFIX_PATH=/home/robot/project/ls65_ros/ls65/elite_ros_ws/install/eli_cs_robot_description:/home/robot/project/ls65_ros/ls65/elite_ros_ws/install/eli_cs_robot_driver:/home/robot/project/ls65_ros/ls65/elite_ros_ws/install/eli_dashboard_interface:/home/robot/project/ls65_ros/ls65/elite_ros_ws/install/eli_cs_robot_moveit_config:/home/robot/project/ls65_ros/ls65/elite_ros_ws/install/eli_cs_robot_calibration:/home/robot/project/ls65_ros/ls65/elite_ros_ws/install/eli_cs_controllers:/home/robot/project/ls65_ros/ls65/elite_ros_ws/install/eli_common_interface:/opt/ros/humble /usr/bin/cmake --install /home/robot/project/ls65_ros/ls65/elite_ros_ws/build/eli_cs_robot_moveit_config
[0.938s] Level 1:colcon.colcon_core.environment:checking '/home/robot/project/ls65_ros/ls65/elite_ros_ws/install/eli_cs_robot_moveit_config' for CMake config files
[0.938s] Level 1:colcon.colcon_core.shell:create_environment_hook('eli_cs_robot_moveit_config', 'cmake_prefix_path')
[0.938s] INFO:colcon.colcon_core.shell:Creating environment hook '/home/robot/project/ls65_ros/ls65/elite_ros_ws/install/eli_cs_robot_moveit_config/share/eli_cs_robot_moveit_config/hook/cmake_prefix_path.ps1'
[0.939s] INFO:colcon.colcon_core.shell:Creating environment descriptor '/home/robot/project/ls65_ros/ls65/elite_ros_ws/install/eli_cs_robot_moveit_config/share/eli_cs_robot_moveit_config/hook/cmake_prefix_path.dsv'
[0.939s] INFO:colcon.colcon_core.shell:Creating environment hook '/home/robot/project/ls65_ros/ls65/elite_ros_ws/install/eli_cs_robot_moveit_config/share/eli_cs_robot_moveit_config/hook/cmake_prefix_path.sh'
[0.940s] Level 1:colcon.colcon_core.environment:checking '/home/robot/project/ls65_ros/ls65/elite_ros_ws/install/eli_cs_robot_moveit_config/bin'
[0.940s] Level 1:colcon.colcon_core.environment:checking '/home/robot/project/ls65_ros/ls65/elite_ros_ws/install/eli_cs_robot_moveit_config/lib/pkgconfig/eli_cs_robot_moveit_config.pc'
[0.940s] Level 1:colcon.colcon_core.environment:checking '/home/robot/project/ls65_ros/ls65/elite_ros_ws/install/eli_cs_robot_moveit_config/lib/python3.10/site-packages'
[0.941s] Level 1:colcon.colcon_core.environment:checking '/home/robot/project/ls65_ros/ls65/elite_ros_ws/install/eli_cs_robot_moveit_config/bin'
[0.941s] INFO:colcon.colcon_core.shell:Creating package script '/home/robot/project/ls65_ros/ls65/elite_ros_ws/install/eli_cs_robot_moveit_config/share/eli_cs_robot_moveit_config/package.ps1'
[0.942s] INFO:colcon.colcon_core.shell:Creating package descriptor '/home/robot/project/ls65_ros/ls65/elite_ros_ws/install/eli_cs_robot_moveit_config/share/eli_cs_robot_moveit_config/package.dsv'
[0.942s] INFO:colcon.colcon_core.shell:Creating package script '/home/robot/project/ls65_ros/ls65/elite_ros_ws/install/eli_cs_robot_moveit_config/share/eli_cs_robot_moveit_config/package.sh'
[0.942s] INFO:colcon.colcon_core.shell:Creating package script '/home/robot/project/ls65_ros/ls65/elite_ros_ws/install/eli_cs_robot_moveit_config/share/eli_cs_robot_moveit_config/package.bash'
[0.942s] INFO:colcon.colcon_core.shell:Creating package script '/home/robot/project/ls65_ros/ls65/elite_ros_ws/install/eli_cs_robot_moveit_config/share/eli_cs_robot_moveit_config/package.zsh'
[0.943s] Level 1:colcon.colcon_core.environment:create_file_with_runtime_dependencies(/home/robot/project/ls65_ros/ls65/elite_ros_ws/install/eli_cs_robot_moveit_config/share/colcon-core/packages/eli_cs_robot_moveit_config)
[0.943s] Level 1:colcon.colcon_core.environment:create_environment_scripts_only(eli_cs_robot_moveit_config)
[0.944s] Level 1:colcon.colcon_core.environment:checking '/home/robot/project/ls65_ros/ls65/elite_ros_ws/install/eli_cs_robot_moveit_config' for CMake module files
[0.944s] Level 1:colcon.colcon_core.environment:checking '/home/robot/project/ls65_ros/ls65/elite_ros_ws/install/eli_cs_robot_moveit_config' for CMake config files
[0.945s] Level 1:colcon.colcon_core.shell:create_environment_hook('eli_cs_robot_moveit_config', 'cmake_prefix_path')
[0.945s] INFO:colcon.colcon_core.shell:Creating environment hook '/home/robot/project/ls65_ros/ls65/elite_ros_ws/install/eli_cs_robot_moveit_config/share/eli_cs_robot_moveit_config/hook/cmake_prefix_path.ps1'
[0.945s] INFO:colcon.colcon_core.shell:Creating environment descriptor '/home/robot/project/ls65_ros/ls65/elite_ros_ws/install/eli_cs_robot_moveit_config/share/eli_cs_robot_moveit_config/hook/cmake_prefix_path.dsv'
[0.945s] INFO:colcon.colcon_core.shell:Creating environment hook '/home/robot/project/ls65_ros/ls65/elite_ros_ws/install/eli_cs_robot_moveit_config/share/eli_cs_robot_moveit_config/hook/cmake_prefix_path.sh'
[0.946s] Level 1:colcon.colcon_core.environment:checking '/home/robot/project/ls65_ros/ls65/elite_ros_ws/install/eli_cs_robot_moveit_config/bin'
[0.946s] Level 1:colcon.colcon_core.environment:checking '/home/robot/project/ls65_ros/ls65/elite_ros_ws/install/eli_cs_robot_moveit_config/lib/pkgconfig/eli_cs_robot_moveit_config.pc'
[0.946s] Level 1:colcon.colcon_core.environment:checking '/home/robot/project/ls65_ros/ls65/elite_ros_ws/install/eli_cs_robot_moveit_config/lib/python3.10/site-packages'
[0.946s] Level 1:colcon.colcon_core.environment:checking '/home/robot/project/ls65_ros/ls65/elite_ros_ws/install/eli_cs_robot_moveit_config/bin'
[0.946s] INFO:colcon.colcon_core.shell:Creating package script '/home/robot/project/ls65_ros/ls65/elite_ros_ws/install/eli_cs_robot_moveit_config/share/eli_cs_robot_moveit_config/package.ps1'
[0.947s] INFO:colcon.colcon_core.shell:Creating package descriptor '/home/robot/project/ls65_ros/ls65/elite_ros_ws/install/eli_cs_robot_moveit_config/share/eli_cs_robot_moveit_config/package.dsv'
[0.948s] INFO:colcon.colcon_core.shell:Creating package script '/home/robot/project/ls65_ros/ls65/elite_ros_ws/install/eli_cs_robot_moveit_config/share/eli_cs_robot_moveit_config/package.sh'
[0.948s] INFO:colcon.colcon_core.shell:Creating package script '/home/robot/project/ls65_ros/ls65/elite_ros_ws/install/eli_cs_robot_moveit_config/share/eli_cs_robot_moveit_config/package.bash'
[0.949s] INFO:colcon.colcon_core.shell:Creating package script '/home/robot/project/ls65_ros/ls65/elite_ros_ws/install/eli_cs_robot_moveit_config/share/eli_cs_robot_moveit_config/package.zsh'
[0.949s] Level 1:colcon.colcon_core.environment:create_file_with_runtime_dependencies(/home/robot/project/ls65_ros/ls65/elite_ros_ws/install/eli_cs_robot_moveit_config/share/colcon-core/packages/eli_cs_robot_moveit_config)
[0.950s] INFO:colcon.colcon_ros.task.ament_cmake.build:Building ROS package in '/home/robot/project/ls65_ros/ls65/elite_ros_ws/src/eli_cs_robot_simulation_gz' with build type 'ament_cmake'
[0.950s] INFO:colcon.colcon_cmake.task.cmake.build:Building CMake package in '/home/robot/project/ls65_ros/ls65/elite_ros_ws/src/eli_cs_robot_simulation_gz'
[0.950s] INFO:colcon.colcon_core.shell:Skip shell extension 'powershell' for command environment: Not usable outside of PowerShell
[0.950s] DEBUG:colcon.colcon_core.shell:Skip shell extension 'dsv' for command environment
[0.959s] DEBUG:colcon.colcon_core.event_handler.log_command:Invoking command in '/home/robot/project/ls65_ros/ls65/elite_ros_ws/build/eli_cs_robot_simulation_gz': CMAKE_PREFIX_PATH=/home/robot/project/ls65_ros/ls65/elite_ros_ws/install/eli_cs_robot_moveit_config:/home/robot/project/ls65_ros/ls65/elite_ros_ws/install/eli_cs_robot_description:/home/robot/project/ls65_ros/ls65/elite_ros_ws/install/eli_cs_robot_driver:/home/robot/project/ls65_ros/ls65/elite_ros_ws/install/eli_dashboard_interface:/home/robot/project/ls65_ros/ls65/elite_ros_ws/install/eli_cs_robot_calibration:/home/robot/project/ls65_ros/ls65/elite_ros_ws/install/eli_cs_controllers:/home/robot/project/ls65_ros/ls65/elite_ros_ws/install/eli_common_interface:/opt/ros/humble /usr/bin/cmake /home/robot/project/ls65_ros/ls65/elite_ros_ws/src/eli_cs_robot_simulation_gz -DCMAKE_INSTALL_PREFIX=/home/robot/project/ls65_ros/ls65/elite_ros_ws/install/eli_cs_robot_simulation_gz
[0.982s] DEBUG:colcon.colcon_core.event_handler.log_command:Invoked command in '/home/robot/project/ls65_ros/ls65/elite_ros_ws/build/eli_cs_controllers' returned '0': CMAKE_PREFIX_PATH=/home/robot/project/ls65_ros/ls65/elite_ros_ws/install/eli_common_interface:/home/robot/project/ls65_ros/ls65/elite_ros_ws/install/eli_cs_robot_driver:/home/robot/project/ls65_ros/ls65/elite_ros_ws/install/eli_dashboard_interface:/home/robot/project/ls65_ros/ls65/elite_ros_ws/install/eli_cs_robot_moveit_config:/home/robot/project/ls65_ros/ls65/elite_ros_ws/install/eli_cs_robot_description:/home/robot/project/ls65_ros/ls65/elite_ros_ws/install/eli_cs_robot_calibration:/home/robot/project/ls65_ros/ls65/elite_ros_ws/install/eli_cs_controllers:/opt/ros/humble LD_LIBRARY_PATH=/home/robot/project/ls65_ros/ls65/elite_ros_ws/install/eli_common_interface/lib:/home/robot/project/ls65_ros/ls65/elite_ros_ws/install/eli_cs_robot_driver/lib:/home/robot/project/ls65_ros/ls65/elite_ros_ws/install/eli_dashboard_interface/lib:/home/robot/project/ls65_ros/ls65/elite_ros_ws/install/eli_cs_controllers/lib:/path/to/cuda-12.4/lib64:/usr/lib/x86_64-linux-gnu/gazebo-11/plugins:/opt/ros/humble/opt/rviz_ogre_vendor/lib:/opt/ros/humble/lib/x86_64-linux-gnu:/opt/ros/humble/lib:/path/to/cuda-12.1/lib64:/home/robot/software/mujoco-3.3.7/mujoco-3.3.7-linux-x86_64/mujoco-3.3.7/lib /usr/bin/cmake --build /home/robot/project/ls65_ros/ls65/elite_ros_ws/build/eli_cs_controllers -- -j16 -l16
[0.983s] DEBUG:colcon.colcon_core.event_handler.log_command:Invoking command in '/home/robot/project/ls65_ros/ls65/elite_ros_ws/build/eli_cs_controllers': CMAKE_PREFIX_PATH=/home/robot/project/ls65_ros/ls65/elite_ros_ws/install/eli_common_interface:/home/robot/project/ls65_ros/ls65/elite_ros_ws/install/eli_cs_robot_driver:/home/robot/project/ls65_ros/ls65/elite_ros_ws/install/eli_dashboard_interface:/home/robot/project/ls65_ros/ls65/elite_ros_ws/install/eli_cs_robot_moveit_config:/home/robot/project/ls65_ros/ls65/elite_ros_ws/install/eli_cs_robot_description:/home/robot/project/ls65_ros/ls65/elite_ros_ws/install/eli_cs_robot_calibration:/home/robot/project/ls65_ros/ls65/elite_ros_ws/install/eli_cs_controllers:/opt/ros/humble LD_LIBRARY_PATH=/home/robot/project/ls65_ros/ls65/elite_ros_ws/install/eli_common_interface/lib:/home/robot/project/ls65_ros/ls65/elite_ros_ws/install/eli_cs_robot_driver/lib:/home/robot/project/ls65_ros/ls65/elite_ros_ws/install/eli_dashboard_interface/lib:/home/robot/project/ls65_ros/ls65/elite_ros_ws/install/eli_cs_controllers/lib:/path/to/cuda-12.4/lib64:/usr/lib/x86_64-linux-gnu/gazebo-11/plugins:/opt/ros/humble/opt/rviz_ogre_vendor/lib:/opt/ros/humble/lib/x86_64-linux-gnu:/opt/ros/humble/lib:/path/to/cuda-12.1/lib64:/home/robot/software/mujoco-3.3.7/mujoco-3.3.7-linux-x86_64/mujoco-3.3.7/lib /usr/bin/cmake --install /home/robot/project/ls65_ros/ls65/elite_ros_ws/build/eli_cs_controllers
[0.984s] DEBUG:colcon.colcon_core.event_handler.log_command:Invoked command in '/home/robot/project/ls65_ros/ls65/elite_ros_ws/build/eli_cs_robot_driver' returned '0': CMAKE_PREFIX_PATH=/home/robot/project/ls65_ros/ls65/elite_ros_ws/install/eli_dashboard_interface:/home/robot/project/ls65_ros/ls65/elite_ros_ws/install/eli_cs_robot_description:/home/robot/project/ls65_ros/ls65/elite_ros_ws/install/eli_common_interface:/home/robot/project/ls65_ros/ls65/elite_ros_ws/install/eli_cs_robot_driver:/home/robot/project/ls65_ros/ls65/elite_ros_ws/install/eli_cs_robot_moveit_config:/home/robot/project/ls65_ros/ls65/elite_ros_ws/install/eli_cs_robot_calibration:/home/robot/project/ls65_ros/ls65/elite_ros_ws/install/eli_cs_controllers:/opt/ros/humble LD_LIBRARY_PATH=/home/robot/project/ls65_ros/ls65/elite_ros_ws/install/eli_dashboard_interface/lib:/home/robot/project/ls65_ros/ls65/elite_ros_ws/install/eli_common_interface/lib:/home/robot/project/ls65_ros/ls65/elite_ros_ws/install/eli_cs_robot_driver/lib:/home/robot/project/ls65_ros/ls65/elite_ros_ws/install/eli_cs_controllers/lib:/path/to/cuda-12.4/lib64:/usr/lib/x86_64-linux-gnu/gazebo-11/plugins:/opt/ros/humble/opt/rviz_ogre_vendor/lib:/opt/ros/humble/lib/x86_64-linux-gnu:/opt/ros/humble/lib:/path/to/cuda-12.1/lib64:/home/robot/software/mujoco-3.3.7/mujoco-3.3.7-linux-x86_64/mujoco-3.3.7/lib /usr/bin/cmake --build /home/robot/project/ls65_ros/ls65/elite_ros_ws/build/eli_cs_robot_driver -- -j16 -l16
[0.986s] DEBUG:colcon.colcon_core.event_handler.log_command:Invoking command in '/home/robot/project/ls65_ros/ls65/elite_ros_ws/build/eli_cs_robot_driver': CMAKE_PREFIX_PATH=/home/robot/project/ls65_ros/ls65/elite_ros_ws/install/eli_dashboard_interface:/home/robot/project/ls65_ros/ls65/elite_ros_ws/install/eli_cs_robot_description:/home/robot/project/ls65_ros/ls65/elite_ros_ws/install/eli_common_interface:/home/robot/project/ls65_ros/ls65/elite_ros_ws/install/eli_cs_robot_driver:/home/robot/project/ls65_ros/ls65/elite_ros_ws/install/eli_cs_robot_moveit_config:/home/robot/project/ls65_ros/ls65/elite_ros_ws/install/eli_cs_robot_calibration:/home/robot/project/ls65_ros/ls65/elite_ros_ws/install/eli_cs_controllers:/opt/ros/humble LD_LIBRARY_PATH=/home/robot/project/ls65_ros/ls65/elite_ros_ws/install/eli_dashboard_interface/lib:/home/robot/project/ls65_ros/ls65/elite_ros_ws/install/eli_common_interface/lib:/home/robot/project/ls65_ros/ls65/elite_ros_ws/install/eli_cs_robot_driver/lib:/home/robot/project/ls65_ros/ls65/elite_ros_ws/install/eli_cs_controllers/lib:/path/to/cuda-12.4/lib64:/usr/lib/x86_64-linux-gnu/gazebo-11/plugins:/opt/ros/humble/opt/rviz_ogre_vendor/lib:/opt/ros/humble/lib/x86_64-linux-gnu:/opt/ros/humble/lib:/path/to/cuda-12.1/lib64:/home/robot/software/mujoco-3.3.7/mujoco-3.3.7-linux-x86_64/mujoco-3.3.7/lib /usr/bin/cmake --install /home/robot/project/ls65_ros/ls65/elite_ros_ws/build/eli_cs_robot_driver
[0.995s] Level 1:colcon.colcon_core.environment:create_environment_scripts_only(eli_cs_controllers)
[0.995s] DEBUG:colcon.colcon_core.event_handler.log_command:Invoked command in '/home/robot/project/ls65_ros/ls65/elite_ros_ws/build/eli_cs_controllers' returned '0': CMAKE_PREFIX_PATH=/home/robot/project/ls65_ros/ls65/elite_ros_ws/install/eli_common_interface:/home/robot/project/ls65_ros/ls65/elite_ros_ws/install/eli_cs_robot_driver:/home/robot/project/ls65_ros/ls65/elite_ros_ws/install/eli_dashboard_interface:/home/robot/project/ls65_ros/ls65/elite_ros_ws/install/eli_cs_robot_moveit_config:/home/robot/project/ls65_ros/ls65/elite_ros_ws/install/eli_cs_robot_description:/home/robot/project/ls65_ros/ls65/elite_ros_ws/install/eli_cs_robot_calibration:/home/robot/project/ls65_ros/ls65/elite_ros_ws/install/eli_cs_controllers:/opt/ros/humble LD_LIBRARY_PATH=/home/robot/project/ls65_ros/ls65/elite_ros_ws/install/eli_common_interface/lib:/home/robot/project/ls65_ros/ls65/elite_ros_ws/install/eli_cs_robot_driver/lib:/home/robot/project/ls65_ros/ls65/elite_ros_ws/install/eli_dashboard_interface/lib:/home/robot/project/ls65_ros/ls65/elite_ros_ws/install/eli_cs_controllers/lib:/path/to/cuda-12.4/lib64:/usr/lib/x86_64-linux-gnu/gazebo-11/plugins:/opt/ros/humble/opt/rviz_ogre_vendor/lib:/opt/ros/humble/lib/x86_64-linux-gnu:/opt/ros/humble/lib:/path/to/cuda-12.1/lib64:/home/robot/software/mujoco-3.3.7/mujoco-3.3.7-linux-x86_64/mujoco-3.3.7/lib /usr/bin/cmake --install /home/robot/project/ls65_ros/ls65/elite_ros_ws/build/eli_cs_controllers
[0.995s] Level 1:colcon.colcon_core.environment:checking '/home/robot/project/ls65_ros/ls65/elite_ros_ws/install/eli_cs_controllers' for CMake module files
[0.999s] Level 1:colcon.colcon_core.environment:checking '/home/robot/project/ls65_ros/ls65/elite_ros_ws/install/eli_cs_controllers' for CMake config files
[0.999s] Level 1:colcon.colcon_core.shell:create_environment_hook('eli_cs_controllers', 'cmake_prefix_path')
[0.999s] INFO:colcon.colcon_core.shell:Creating environment hook '/home/robot/project/ls65_ros/ls65/elite_ros_ws/install/eli_cs_controllers/share/eli_cs_controllers/hook/cmake_prefix_path.ps1'
[1.000s] INFO:colcon.colcon_core.shell:Creating environment descriptor '/home/robot/project/ls65_ros/ls65/elite_ros_ws/install/eli_cs_controllers/share/eli_cs_controllers/hook/cmake_prefix_path.dsv'
[1.000s] INFO:colcon.colcon_core.shell:Creating environment hook '/home/robot/project/ls65_ros/ls65/elite_ros_ws/install/eli_cs_controllers/share/eli_cs_controllers/hook/cmake_prefix_path.sh'
[1.001s] Level 1:colcon.colcon_core.environment:checking '/home/robot/project/ls65_ros/ls65/elite_ros_ws/install/eli_cs_controllers/lib'
[1.001s] Level 1:colcon.colcon_core.shell:create_environment_hook('eli_cs_controllers', 'ld_library_path_lib')
[1.001s] INFO:colcon.colcon_core.shell:Creating environment hook '/home/robot/project/ls65_ros/ls65/elite_ros_ws/install/eli_cs_controllers/share/eli_cs_controllers/hook/ld_library_path_lib.ps1'
[1.002s] INFO:colcon.colcon_core.shell:Creating environment descriptor '/home/robot/project/ls65_ros/ls65/elite_ros_ws/install/eli_cs_controllers/share/eli_cs_controllers/hook/ld_library_path_lib.dsv'
[1.002s] INFO:colcon.colcon_core.shell:Creating environment hook '/home/robot/project/ls65_ros/ls65/elite_ros_ws/install/eli_cs_controllers/share/eli_cs_controllers/hook/ld_library_path_lib.sh'
[1.003s] Level 1:colcon.colcon_core.environment:checking '/home/robot/project/ls65_ros/ls65/elite_ros_ws/install/eli_cs_controllers/bin'
[1.003s] Level 1:colcon.colcon_core.environment:checking '/home/robot/project/ls65_ros/ls65/elite_ros_ws/install/eli_cs_controllers/lib/pkgconfig/eli_cs_controllers.pc'
[1.003s] Level 1:colcon.colcon_core.environment:checking '/home/robot/project/ls65_ros/ls65/elite_ros_ws/install/eli_cs_controllers/lib/python3.10/site-packages'
[1.003s] Level 1:colcon.colcon_core.environment:checking '/home/robot/project/ls65_ros/ls65/elite_ros_ws/install/eli_cs_controllers/bin'
[1.004s] INFO:colcon.colcon_core.shell:Creating package script '/home/robot/project/ls65_ros/ls65/elite_ros_ws/install/eli_cs_controllers/share/eli_cs_controllers/package.ps1'
[1.004s] INFO:colcon.colcon_core.shell:Creating package descriptor '/home/robot/project/ls65_ros/ls65/elite_ros_ws/install/eli_cs_controllers/share/eli_cs_controllers/package.dsv'
[1.005s] INFO:colcon.colcon_core.shell:Creating package script '/home/robot/project/ls65_ros/ls65/elite_ros_ws/install/eli_cs_controllers/share/eli_cs_controllers/package.sh'
[1.005s] INFO:colcon.colcon_core.shell:Creating package script '/home/robot/project/ls65_ros/ls65/elite_ros_ws/install/eli_cs_controllers/share/eli_cs_controllers/package.bash'
[1.006s] INFO:colcon.colcon_core.shell:Creating package script '/home/robot/project/ls65_ros/ls65/elite_ros_ws/install/eli_cs_controllers/share/eli_cs_controllers/package.zsh'
[1.006s] Level 1:colcon.colcon_core.environment:create_file_with_runtime_dependencies(/home/robot/project/ls65_ros/ls65/elite_ros_ws/install/eli_cs_controllers/share/colcon-core/packages/eli_cs_controllers)
[1.007s] Level 1:colcon.colcon_core.environment:create_environment_scripts_only(eli_cs_controllers)
[1.007s] Level 1:colcon.colcon_core.environment:checking '/home/robot/project/ls65_ros/ls65/elite_ros_ws/install/eli_cs_controllers' for CMake module files
[1.008s] Level 1:colcon.colcon_core.environment:checking '/home/robot/project/ls65_ros/ls65/elite_ros_ws/install/eli_cs_controllers' for CMake config files
[1.008s] Level 1:colcon.colcon_core.shell:create_environment_hook('eli_cs_controllers', 'cmake_prefix_path')
[1.008s] INFO:colcon.colcon_core.shell:Creating environment hook '/home/robot/project/ls65_ros/ls65/elite_ros_ws/install/eli_cs_controllers/share/eli_cs_controllers/hook/cmake_prefix_path.ps1'
[1.008s] INFO:colcon.colcon_core.shell:Creating environment descriptor '/home/robot/project/ls65_ros/ls65/elite_ros_ws/install/eli_cs_controllers/share/eli_cs_controllers/hook/cmake_prefix_path.dsv'
[1.009s] INFO:colcon.colcon_core.shell:Creating environment hook '/home/robot/project/ls65_ros/ls65/elite_ros_ws/install/eli_cs_controllers/share/eli_cs_controllers/hook/cmake_prefix_path.sh'
[1.009s] Level 1:colcon.colcon_core.environment:checking '/home/robot/project/ls65_ros/ls65/elite_ros_ws/install/eli_cs_controllers/lib'
[1.009s] Level 1:colcon.colcon_core.shell:create_environment_hook('eli_cs_controllers', 'ld_library_path_lib')
[1.010s] INFO:colcon.colcon_core.shell:Creating environment hook '/home/robot/project/ls65_ros/ls65/elite_ros_ws/install/eli_cs_controllers/share/eli_cs_controllers/hook/ld_library_path_lib.ps1'
[1.010s] INFO:colcon.colcon_core.shell:Creating environment descriptor '/home/robot/project/ls65_ros/ls65/elite_ros_ws/install/eli_cs_controllers/share/eli_cs_controllers/hook/ld_library_path_lib.dsv'
[1.010s] INFO:colcon.colcon_core.shell:Creating environment hook '/home/robot/project/ls65_ros/ls65/elite_ros_ws/install/eli_cs_controllers/share/eli_cs_controllers/hook/ld_library_path_lib.sh'
[1.010s] Level 1:colcon.colcon_core.environment:checking '/home/robot/project/ls65_ros/ls65/elite_ros_ws/install/eli_cs_controllers/bin'
[1.010s] Level 1:colcon.colcon_core.environment:checking '/home/robot/project/ls65_ros/ls65/elite_ros_ws/install/eli_cs_controllers/lib/pkgconfig/eli_cs_controllers.pc'
[1.011s] Level 1:colcon.colcon_core.environment:checking '/home/robot/project/ls65_ros/ls65/elite_ros_ws/install/eli_cs_controllers/lib/python3.10/site-packages'
[1.011s] Level 1:colcon.colcon_core.environment:checking '/home/robot/project/ls65_ros/ls65/elite_ros_ws/install/eli_cs_controllers/bin'
[1.011s] INFO:colcon.colcon_core.shell:Creating package script '/home/robot/project/ls65_ros/ls65/elite_ros_ws/install/eli_cs_controllers/share/eli_cs_controllers/package.ps1'
[1.012s] INFO:colcon.colcon_core.shell:Creating package descriptor '/home/robot/project/ls65_ros/ls65/elite_ros_ws/install/eli_cs_controllers/share/eli_cs_controllers/package.dsv'
[1.012s] INFO:colcon.colcon_core.shell:Creating package script '/home/robot/project/ls65_ros/ls65/elite_ros_ws/install/eli_cs_controllers/share/eli_cs_controllers/package.sh'
[1.012s] INFO:colcon.colcon_core.shell:Creating package script '/home/robot/project/ls65_ros/ls65/elite_ros_ws/install/eli_cs_controllers/share/eli_cs_controllers/package.bash'
[1.012s] INFO:colcon.colcon_core.shell:Creating package script '/home/robot/project/ls65_ros/ls65/elite_ros_ws/install/eli_cs_controllers/share/eli_cs_controllers/package.zsh'
[1.012s] Level 1:colcon.colcon_core.environment:create_file_with_runtime_dependencies(/home/robot/project/ls65_ros/ls65/elite_ros_ws/install/eli_cs_controllers/share/colcon-core/packages/eli_cs_controllers)
[1.013s] Level 1:colcon.colcon_core.environment:create_environment_scripts_only(eli_cs_robot_driver)
[1.013s] Level 1:colcon.colcon_core.environment:checking '/home/robot/project/ls65_ros/ls65/elite_ros_ws/install/eli_cs_robot_driver' for CMake module files
[1.014s] DEBUG:colcon.colcon_core.event_handler.log_command:Invoked command in '/home/robot/project/ls65_ros/ls65/elite_ros_ws/build/eli_cs_robot_driver' returned '0': CMAKE_PREFIX_PATH=/home/robot/project/ls65_ros/ls65/elite_ros_ws/install/eli_dashboard_interface:/home/robot/project/ls65_ros/ls65/elite_ros_ws/install/eli_cs_robot_description:/home/robot/project/ls65_ros/ls65/elite_ros_ws/install/eli_common_interface:/home/robot/project/ls65_ros/ls65/elite_ros_ws/install/eli_cs_robot_driver:/home/robot/project/ls65_ros/ls65/elite_ros_ws/install/eli_cs_robot_moveit_config:/home/robot/project/ls65_ros/ls65/elite_ros_ws/install/eli_cs_robot_calibration:/home/robot/project/ls65_ros/ls65/elite_ros_ws/install/eli_cs_controllers:/opt/ros/humble LD_LIBRARY_PATH=/home/robot/project/ls65_ros/ls65/elite_ros_ws/install/eli_dashboard_interface/lib:/home/robot/project/ls65_ros/ls65/elite_ros_ws/install/eli_common_interface/lib:/home/robot/project/ls65_ros/ls65/elite_ros_ws/install/eli_cs_robot_driver/lib:/home/robot/project/ls65_ros/ls65/elite_ros_ws/install/eli_cs_controllers/lib:/path/to/cuda-12.4/lib64:/usr/lib/x86_64-linux-gnu/gazebo-11/plugins:/opt/ros/humble/opt/rviz_ogre_vendor/lib:/opt/ros/humble/lib/x86_64-linux-gnu:/opt/ros/humble/lib:/path/to/cuda-12.1/lib64:/home/robot/software/mujoco-3.3.7/mujoco-3.3.7-linux-x86_64/mujoco-3.3.7/lib /usr/bin/cmake --install /home/robot/project/ls65_ros/ls65/elite_ros_ws/build/eli_cs_robot_driver
[1.014s] Level 1:colcon.colcon_core.environment:checking '/home/robot/project/ls65_ros/ls65/elite_ros_ws/install/eli_cs_robot_driver' for CMake config files
[1.014s] Level 1:colcon.colcon_core.shell:create_environment_hook('eli_cs_robot_driver', 'cmake_prefix_path')
[1.014s] INFO:colcon.colcon_core.shell:Creating environment hook '/home/robot/project/ls65_ros/ls65/elite_ros_ws/install/eli_cs_robot_driver/share/eli_cs_robot_driver/hook/cmake_prefix_path.ps1'
[1.014s] INFO:colcon.colcon_core.shell:Creating environment descriptor '/home/robot/project/ls65_ros/ls65/elite_ros_ws/install/eli_cs_robot_driver/share/eli_cs_robot_driver/hook/cmake_prefix_path.dsv'
[1.015s] INFO:colcon.colcon_core.shell:Creating environment hook '/home/robot/project/ls65_ros/ls65/elite_ros_ws/install/eli_cs_robot_driver/share/eli_cs_robot_driver/hook/cmake_prefix_path.sh'
[1.015s] Level 1:colcon.colcon_core.environment:checking '/home/robot/project/ls65_ros/ls65/elite_ros_ws/install/eli_cs_robot_driver/lib'
[1.015s] Level 1:colcon.colcon_core.shell:create_environment_hook('eli_cs_robot_driver', 'ld_library_path_lib')
[1.015s] INFO:colcon.colcon_core.shell:Creating environment hook '/home/robot/project/ls65_ros/ls65/elite_ros_ws/install/eli_cs_robot_driver/share/eli_cs_robot_driver/hook/ld_library_path_lib.ps1'
[1.015s] INFO:colcon.colcon_core.shell:Creating environment descriptor '/home/robot/project/ls65_ros/ls65/elite_ros_ws/install/eli_cs_robot_driver/share/eli_cs_robot_driver/hook/ld_library_path_lib.dsv'
[1.015s] INFO:colcon.colcon_core.shell:Creating environment hook '/home/robot/project/ls65_ros/ls65/elite_ros_ws/install/eli_cs_robot_driver/share/eli_cs_robot_driver/hook/ld_library_path_lib.sh'
[1.016s] Level 1:colcon.colcon_core.environment:checking '/home/robot/project/ls65_ros/ls65/elite_ros_ws/install/eli_cs_robot_driver/bin'
[1.016s] Level 1:colcon.colcon_core.environment:checking '/home/robot/project/ls65_ros/ls65/elite_ros_ws/install/eli_cs_robot_driver/lib/pkgconfig/eli_cs_robot_driver.pc'
[1.016s] Level 1:colcon.colcon_core.environment:checking '/home/robot/project/ls65_ros/ls65/elite_ros_ws/install/eli_cs_robot_driver/lib/python3.10/site-packages'
[1.016s] Level 1:colcon.colcon_core.environment:checking '/home/robot/project/ls65_ros/ls65/elite_ros_ws/install/eli_cs_robot_driver/bin'
[1.016s] INFO:colcon.colcon_core.shell:Creating package script '/home/robot/project/ls65_ros/ls65/elite_ros_ws/install/eli_cs_robot_driver/share/eli_cs_robot_driver/package.ps1'
[1.017s] INFO:colcon.colcon_core.shell:Creating package descriptor '/home/robot/project/ls65_ros/ls65/elite_ros_ws/install/eli_cs_robot_driver/share/eli_cs_robot_driver/package.dsv'
[1.017s] INFO:colcon.colcon_core.shell:Creating package script '/home/robot/project/ls65_ros/ls65/elite_ros_ws/install/eli_cs_robot_driver/share/eli_cs_robot_driver/package.sh'
[1.017s] INFO:colcon.colcon_core.shell:Creating package script '/home/robot/project/ls65_ros/ls65/elite_ros_ws/install/eli_cs_robot_driver/share/eli_cs_robot_driver/package.bash'
[1.017s] INFO:colcon.colcon_core.shell:Creating package script '/home/robot/project/ls65_ros/ls65/elite_ros_ws/install/eli_cs_robot_driver/share/eli_cs_robot_driver/package.zsh'
[1.017s] Level 1:colcon.colcon_core.environment:create_file_with_runtime_dependencies(/home/robot/project/ls65_ros/ls65/elite_ros_ws/install/eli_cs_robot_driver/share/colcon-core/packages/eli_cs_robot_driver)
[1.018s] Level 1:colcon.colcon_core.environment:create_environment_scripts_only(eli_cs_robot_driver)
[1.018s] Level 1:colcon.colcon_core.environment:checking '/home/robot/project/ls65_ros/ls65/elite_ros_ws/install/eli_cs_robot_driver' for CMake module files
[1.018s] Level 1:colcon.colcon_core.environment:checking '/home/robot/project/ls65_ros/ls65/elite_ros_ws/install/eli_cs_robot_driver' for CMake config files
[1.018s] Level 1:colcon.colcon_core.shell:create_environment_hook('eli_cs_robot_driver', 'cmake_prefix_path')
[1.018s] INFO:colcon.colcon_core.shell:Creating environment hook '/home/robot/project/ls65_ros/ls65/elite_ros_ws/install/eli_cs_robot_driver/share/eli_cs_robot_driver/hook/cmake_prefix_path.ps1'
[1.019s] INFO:colcon.colcon_core.shell:Creating environment descriptor '/home/robot/project/ls65_ros/ls65/elite_ros_ws/install/eli_cs_robot_driver/share/eli_cs_robot_driver/hook/cmake_prefix_path.dsv'
[1.019s] INFO:colcon.colcon_core.shell:Creating environment hook '/home/robot/project/ls65_ros/ls65/elite_ros_ws/install/eli_cs_robot_driver/share/eli_cs_robot_driver/hook/cmake_prefix_path.sh'
[1.019s] Level 1:colcon.colcon_core.environment:checking '/home/robot/project/ls65_ros/ls65/elite_ros_ws/install/eli_cs_robot_driver/lib'
[1.019s] Level 1:colcon.colcon_core.shell:create_environment_hook('eli_cs_robot_driver', 'ld_library_path_lib')
[1.019s] INFO:colcon.colcon_core.shell:Creating environment hook '/home/robot/project/ls65_ros/ls65/elite_ros_ws/install/eli_cs_robot_driver/share/eli_cs_robot_driver/hook/ld_library_path_lib.ps1'
[1.019s] INFO:colcon.colcon_core.shell:Creating environment descriptor '/home/robot/project/ls65_ros/ls65/elite_ros_ws/install/eli_cs_robot_driver/share/eli_cs_robot_driver/hook/ld_library_path_lib.dsv'
[1.020s] INFO:colcon.colcon_core.shell:Creating environment hook '/home/robot/project/ls65_ros/ls65/elite_ros_ws/install/eli_cs_robot_driver/share/eli_cs_robot_driver/hook/ld_library_path_lib.sh'
[1.020s] Level 1:colcon.colcon_core.environment:checking '/home/robot/project/ls65_ros/ls65/elite_ros_ws/install/eli_cs_robot_driver/bin'
[1.020s] Level 1:colcon.colcon_core.environment:checking '/home/robot/project/ls65_ros/ls65/elite_ros_ws/install/eli_cs_robot_driver/lib/pkgconfig/eli_cs_robot_driver.pc'
[1.020s] Level 1:colcon.colcon_core.environment:checking '/home/robot/project/ls65_ros/ls65/elite_ros_ws/install/eli_cs_robot_driver/lib/python3.10/site-packages'
[1.020s] Level 1:colcon.colcon_core.environment:checking '/home/robot/project/ls65_ros/ls65/elite_ros_ws/install/eli_cs_robot_driver/bin'
[1.020s] INFO:colcon.colcon_core.shell:Creating package script '/home/robot/project/ls65_ros/ls65/elite_ros_ws/install/eli_cs_robot_driver/share/eli_cs_robot_driver/package.ps1'
[1.021s] INFO:colcon.colcon_core.shell:Creating package descriptor '/home/robot/project/ls65_ros/ls65/elite_ros_ws/install/eli_cs_robot_driver/share/eli_cs_robot_driver/package.dsv'
[1.021s] INFO:colcon.colcon_core.shell:Creating package script '/home/robot/project/ls65_ros/ls65/elite_ros_ws/install/eli_cs_robot_driver/share/eli_cs_robot_driver/package.sh'
[1.021s] INFO:colcon.colcon_core.shell:Creating package script '/home/robot/project/ls65_ros/ls65/elite_ros_ws/install/eli_cs_robot_driver/share/eli_cs_robot_driver/package.bash'
[1.021s] INFO:colcon.colcon_core.shell:Creating package script '/home/robot/project/ls65_ros/ls65/elite_ros_ws/install/eli_cs_robot_driver/share/eli_cs_robot_driver/package.zsh'
[1.022s] Level 1:colcon.colcon_core.environment:create_file_with_runtime_dependencies(/home/robot/project/ls65_ros/ls65/elite_ros_ws/install/eli_cs_robot_driver/share/colcon-core/packages/eli_cs_robot_driver)
[1.540s] DEBUG:colcon.colcon_core.event_handler.log_command:Invoked command in '/home/robot/project/ls65_ros/ls65/elite_ros_ws/build/eli_cs_robot_simulation_gz' returned '0': CMAKE_PREFIX_PATH=/home/robot/project/ls65_ros/ls65/elite_ros_ws/install/eli_cs_robot_moveit_config:/home/robot/project/ls65_ros/ls65/elite_ros_ws/install/eli_cs_robot_description:/home/robot/project/ls65_ros/ls65/elite_ros_ws/install/eli_cs_robot_driver:/home/robot/project/ls65_ros/ls65/elite_ros_ws/install/eli_dashboard_interface:/home/robot/project/ls65_ros/ls65/elite_ros_ws/install/eli_cs_robot_calibration:/home/robot/project/ls65_ros/ls65/elite_ros_ws/install/eli_cs_controllers:/home/robot/project/ls65_ros/ls65/elite_ros_ws/install/eli_common_interface:/opt/ros/humble /usr/bin/cmake /home/robot/project/ls65_ros/ls65/elite_ros_ws/src/eli_cs_robot_simulation_gz -DCMAKE_INSTALL_PREFIX=/home/robot/project/ls65_ros/ls65/elite_ros_ws/install/eli_cs_robot_simulation_gz
[1.541s] DEBUG:colcon.colcon_core.event_handler.log_command:Invoking command in '/home/robot/project/ls65_ros/ls65/elite_ros_ws/build/eli_cs_robot_simulation_gz': CMAKE_PREFIX_PATH=/home/robot/project/ls65_ros/ls65/elite_ros_ws/install/eli_cs_robot_moveit_config:/home/robot/project/ls65_ros/ls65/elite_ros_ws/install/eli_cs_robot_description:/home/robot/project/ls65_ros/ls65/elite_ros_ws/install/eli_cs_robot_driver:/home/robot/project/ls65_ros/ls65/elite_ros_ws/install/eli_dashboard_interface:/home/robot/project/ls65_ros/ls65/elite_ros_ws/install/eli_cs_robot_calibration:/home/robot/project/ls65_ros/ls65/elite_ros_ws/install/eli_cs_controllers:/home/robot/project/ls65_ros/ls65/elite_ros_ws/install/eli_common_interface:/opt/ros/humble /usr/bin/cmake --build /home/robot/project/ls65_ros/ls65/elite_ros_ws/build/eli_cs_robot_simulation_gz -- -j16 -l16
[1.574s] DEBUG:colcon.colcon_core.event_handler.log_command:Invoked command in '/home/robot/project/ls65_ros/ls65/elite_ros_ws/build/eli_cs_robot_simulation_gz' returned '0': CMAKE_PREFIX_PATH=/home/robot/project/ls65_ros/ls65/elite_ros_ws/install/eli_cs_robot_moveit_config:/home/robot/project/ls65_ros/ls65/elite_ros_ws/install/eli_cs_robot_description:/home/robot/project/ls65_ros/ls65/elite_ros_ws/install/eli_cs_robot_driver:/home/robot/project/ls65_ros/ls65/elite_ros_ws/install/eli_dashboard_interface:/home/robot/project/ls65_ros/ls65/elite_ros_ws/install/eli_cs_robot_calibration:/home/robot/project/ls65_ros/ls65/elite_ros_ws/install/eli_cs_controllers:/home/robot/project/ls65_ros/ls65/elite_ros_ws/install/eli_common_interface:/opt/ros/humble /usr/bin/cmake --build /home/robot/project/ls65_ros/ls65/elite_ros_ws/build/eli_cs_robot_simulation_gz -- -j16 -l16
[1.575s] DEBUG:colcon.colcon_core.event_handler.log_command:Invoking command in '/home/robot/project/ls65_ros/ls65/elite_ros_ws/build/eli_cs_robot_simulation_gz': CMAKE_PREFIX_PATH=/home/robot/project/ls65_ros/ls65/elite_ros_ws/install/eli_cs_robot_moveit_config:/home/robot/project/ls65_ros/ls65/elite_ros_ws/install/eli_cs_robot_description:/home/robot/project/ls65_ros/ls65/elite_ros_ws/install/eli_cs_robot_driver:/home/robot/project/ls65_ros/ls65/elite_ros_ws/install/eli_dashboard_interface:/home/robot/project/ls65_ros/ls65/elite_ros_ws/install/eli_cs_robot_calibration:/home/robot/project/ls65_ros/ls65/elite_ros_ws/install/eli_cs_controllers:/home/robot/project/ls65_ros/ls65/elite_ros_ws/install/eli_common_interface:/opt/ros/humble /usr/bin/cmake --install /home/robot/project/ls65_ros/ls65/elite_ros_ws/build/eli_cs_robot_simulation_gz
[1.583s] Level 1:colcon.colcon_core.environment:create_environment_scripts_only(eli_cs_robot_simulation_gz)
[1.584s] DEBUG:colcon.colcon_core.event_handler.log_command:Invoked command in '/home/robot/project/ls65_ros/ls65/elite_ros_ws/build/eli_cs_robot_simulation_gz' returned '0': CMAKE_PREFIX_PATH=/home/robot/project/ls65_ros/ls65/elite_ros_ws/install/eli_cs_robot_moveit_config:/home/robot/project/ls65_ros/ls65/elite_ros_ws/install/eli_cs_robot_description:/home/robot/project/ls65_ros/ls65/elite_ros_ws/install/eli_cs_robot_driver:/home/robot/project/ls65_ros/ls65/elite_ros_ws/install/eli_dashboard_interface:/home/robot/project/ls65_ros/ls65/elite_ros_ws/install/eli_cs_robot_calibration:/home/robot/project/ls65_ros/ls65/elite_ros_ws/install/eli_cs_controllers:/home/robot/project/ls65_ros/ls65/elite_ros_ws/install/eli_common_interface:/opt/ros/humble /usr/bin/cmake --install /home/robot/project/ls65_ros/ls65/elite_ros_ws/build/eli_cs_robot_simulation_gz
[1.584s] Level 1:colcon.colcon_core.environment:checking '/home/robot/project/ls65_ros/ls65/elite_ros_ws/install/eli_cs_robot_simulation_gz' for CMake module files
[1.584s] Level 1:colcon.colcon_core.environment:checking '/home/robot/project/ls65_ros/ls65/elite_ros_ws/install/eli_cs_robot_simulation_gz' for CMake config files
[1.585s] Level 1:colcon.colcon_core.shell:create_environment_hook('eli_cs_robot_simulation_gz', 'cmake_prefix_path')
[1.585s] INFO:colcon.colcon_core.shell:Creating environment hook '/home/robot/project/ls65_ros/ls65/elite_ros_ws/install/eli_cs_robot_simulation_gz/share/eli_cs_robot_simulation_gz/hook/cmake_prefix_path.ps1'
[1.585s] INFO:colcon.colcon_core.shell:Creating environment descriptor '/home/robot/project/ls65_ros/ls65/elite_ros_ws/install/eli_cs_robot_simulation_gz/share/eli_cs_robot_simulation_gz/hook/cmake_prefix_path.dsv'
[1.585s] INFO:colcon.colcon_core.shell:Creating environment hook '/home/robot/project/ls65_ros/ls65/elite_ros_ws/install/eli_cs_robot_simulation_gz/share/eli_cs_robot_simulation_gz/hook/cmake_prefix_path.sh'
[1.585s] Level 1:colcon.colcon_core.environment:checking '/home/robot/project/ls65_ros/ls65/elite_ros_ws/install/eli_cs_robot_simulation_gz/lib'
[1.586s] Level 1:colcon.colcon_core.environment:checking '/home/robot/project/ls65_ros/ls65/elite_ros_ws/install/eli_cs_robot_simulation_gz/bin'
[1.586s] Level 1:colcon.colcon_core.environment:checking '/home/robot/project/ls65_ros/ls65/elite_ros_ws/install/eli_cs_robot_simulation_gz/lib/pkgconfig/eli_cs_robot_simulation_gz.pc'
[1.586s] Level 1:colcon.colcon_core.environment:checking '/home/robot/project/ls65_ros/ls65/elite_ros_ws/install/eli_cs_robot_simulation_gz/lib/python3.10/site-packages'
[1.586s] Level 1:colcon.colcon_core.environment:checking '/home/robot/project/ls65_ros/ls65/elite_ros_ws/install/eli_cs_robot_simulation_gz/bin'
[1.586s] INFO:colcon.colcon_core.shell:Creating package script '/home/robot/project/ls65_ros/ls65/elite_ros_ws/install/eli_cs_robot_simulation_gz/share/eli_cs_robot_simulation_gz/package.ps1'
[1.586s] INFO:colcon.colcon_core.shell:Creating package descriptor '/home/robot/project/ls65_ros/ls65/elite_ros_ws/install/eli_cs_robot_simulation_gz/share/eli_cs_robot_simulation_gz/package.dsv'
[1.587s] INFO:colcon.colcon_core.shell:Creating package script '/home/robot/project/ls65_ros/ls65/elite_ros_ws/install/eli_cs_robot_simulation_gz/share/eli_cs_robot_simulation_gz/package.sh'
[1.587s] INFO:colcon.colcon_core.shell:Creating package script '/home/robot/project/ls65_ros/ls65/elite_ros_ws/install/eli_cs_robot_simulation_gz/share/eli_cs_robot_simulation_gz/package.bash'
[1.587s] INFO:colcon.colcon_core.shell:Creating package script '/home/robot/project/ls65_ros/ls65/elite_ros_ws/install/eli_cs_robot_simulation_gz/share/eli_cs_robot_simulation_gz/package.zsh'
[1.587s] Level 1:colcon.colcon_core.environment:create_file_with_runtime_dependencies(/home/robot/project/ls65_ros/ls65/elite_ros_ws/install/eli_cs_robot_simulation_gz/share/colcon-core/packages/eli_cs_robot_simulation_gz)
[1.587s] Level 1:colcon.colcon_core.environment:create_environment_scripts_only(eli_cs_robot_simulation_gz)
[1.587s] Level 1:colcon.colcon_core.environment:checking '/home/robot/project/ls65_ros/ls65/elite_ros_ws/install/eli_cs_robot_simulation_gz' for CMake module files
[1.588s] Level 1:colcon.colcon_core.environment:checking '/home/robot/project/ls65_ros/ls65/elite_ros_ws/install/eli_cs_robot_simulation_gz' for CMake config files
[1.588s] Level 1:colcon.colcon_core.shell:create_environment_hook('eli_cs_robot_simulation_gz', 'cmake_prefix_path')
[1.588s] INFO:colcon.colcon_core.shell:Creating environment hook '/home/robot/project/ls65_ros/ls65/elite_ros_ws/install/eli_cs_robot_simulation_gz/share/eli_cs_robot_simulation_gz/hook/cmake_prefix_path.ps1'
[1.588s] INFO:colcon.colcon_core.shell:Creating environment descriptor '/home/robot/project/ls65_ros/ls65/elite_ros_ws/install/eli_cs_robot_simulation_gz/share/eli_cs_robot_simulation_gz/hook/cmake_prefix_path.dsv'
[1.588s] INFO:colcon.colcon_core.shell:Creating environment hook '/home/robot/project/ls65_ros/ls65/elite_ros_ws/install/eli_cs_robot_simulation_gz/share/eli_cs_robot_simulation_gz/hook/cmake_prefix_path.sh'
[1.589s] Level 1:colcon.colcon_core.environment:checking '/home/robot/project/ls65_ros/ls65/elite_ros_ws/install/eli_cs_robot_simulation_gz/lib'
[1.589s] Level 1:colcon.colcon_core.environment:checking '/home/robot/project/ls65_ros/ls65/elite_ros_ws/install/eli_cs_robot_simulation_gz/bin'
[1.589s] Level 1:colcon.colcon_core.environment:checking '/home/robot/project/ls65_ros/ls65/elite_ros_ws/install/eli_cs_robot_simulation_gz/lib/pkgconfig/eli_cs_robot_simulation_gz.pc'
[1.589s] Level 1:colcon.colcon_core.environment:checking '/home/robot/project/ls65_ros/ls65/elite_ros_ws/install/eli_cs_robot_simulation_gz/lib/python3.10/site-packages'
[1.589s] Level 1:colcon.colcon_core.environment:checking '/home/robot/project/ls65_ros/ls65/elite_ros_ws/install/eli_cs_robot_simulation_gz/bin'
[1.589s] INFO:colcon.colcon_core.shell:Creating package script '/home/robot/project/ls65_ros/ls65/elite_ros_ws/install/eli_cs_robot_simulation_gz/share/eli_cs_robot_simulation_gz/package.ps1'
[1.590s] INFO:colcon.colcon_core.shell:Creating package descriptor '/home/robot/project/ls65_ros/ls65/elite_ros_ws/install/eli_cs_robot_simulation_gz/share/eli_cs_robot_simulation_gz/package.dsv'
[1.590s] INFO:colcon.colcon_core.shell:Creating package script '/home/robot/project/ls65_ros/ls65/elite_ros_ws/install/eli_cs_robot_simulation_gz/share/eli_cs_robot_simulation_gz/package.sh'
[1.590s] INFO:colcon.colcon_core.shell:Creating package script '/home/robot/project/ls65_ros/ls65/elite_ros_ws/install/eli_cs_robot_simulation_gz/share/eli_cs_robot_simulation_gz/package.bash'
[1.590s] INFO:colcon.colcon_core.shell:Creating package script '/home/robot/project/ls65_ros/ls65/elite_ros_ws/install/eli_cs_robot_simulation_gz/share/eli_cs_robot_simulation_gz/package.zsh'
[1.590s] Level 1:colcon.colcon_core.environment:create_file_with_runtime_dependencies(/home/robot/project/ls65_ros/ls65/elite_ros_ws/install/eli_cs_robot_simulation_gz/share/colcon-core/packages/eli_cs_robot_simulation_gz)
[1.591s] DEBUG:colcon.colcon_parallel_executor.executor.parallel:closing loop
[1.591s] DEBUG:colcon.colcon_parallel_executor.executor.parallel:loop closed
[1.591s] DEBUG:colcon.colcon_parallel_executor.executor.parallel:run_until_complete finished with '0'
[1.591s] DEBUG:colcon.colcon_core.event_reactor:joining thread
[1.594s] INFO:colcon.colcon_core.plugin_system:Skipping extension 'colcon_notification.desktop_notification.terminal_notifier': Not used on non-Darwin systems
[1.594s] INFO:colcon.colcon_core.plugin_system:Skipping extension 'colcon_notification.desktop_notification.win32': Not used on non-Windows systems
[1.594s] INFO:colcon.colcon_notification.desktop_notification:Sending desktop notification using 'notify2'
[1.601s] DEBUG:colcon.colcon_core.event_reactor:joined thread
[1.601s] INFO:colcon.colcon_core.shell:Creating prefix script '/home/robot/project/ls65_ros/ls65/elite_ros_ws/install/local_setup.ps1'
[1.602s] INFO:colcon.colcon_core.shell:Creating prefix util module '/home/robot/project/ls65_ros/ls65/elite_ros_ws/install/_local_setup_util_ps1.py'
[1.603s] INFO:colcon.colcon_core.shell:Creating prefix chain script '/home/robot/project/ls65_ros/ls65/elite_ros_ws/install/setup.ps1'
[1.603s] INFO:colcon.colcon_core.shell:Creating prefix script '/home/robot/project/ls65_ros/ls65/elite_ros_ws/install/local_setup.sh'
[1.604s] INFO:colcon.colcon_core.shell:Creating prefix util module '/home/robot/project/ls65_ros/ls65/elite_ros_ws/install/_local_setup_util_sh.py'
[1.604s] INFO:colcon.colcon_core.shell:Creating prefix chain script '/home/robot/project/ls65_ros/ls65/elite_ros_ws/install/setup.sh'
[1.605s] INFO:colcon.colcon_core.shell:Creating prefix script '/home/robot/project/ls65_ros/ls65/elite_ros_ws/install/local_setup.bash'
[1.605s] INFO:colcon.colcon_core.shell:Creating prefix chain script '/home/robot/project/ls65_ros/ls65/elite_ros_ws/install/setup.bash'
[1.605s] INFO:colcon.colcon_core.shell:Creating prefix script '/home/robot/project/ls65_ros/ls65/elite_ros_ws/install/local_setup.zsh'
[1.606s] INFO:colcon.colcon_core.shell:Creating prefix chain script '/home/robot/project/ls65_ros/ls65/elite_ros_ws/install/setup.zsh'
