[0.059s] DEBUG:colcon:Command line arguments: ['/usr/bin/colcon', 'build']
[0.059s] DEBUG:colcon:Parsed command line arguments: Namespace(log_base=None, log_level=None, verb_name='build', build_base='build', install_base='install', merge_install=False, symlink_install=False, test_result_base=None, continue_on_error=False, executor='parallel', parallel_workers=16, event_handlers=None, ignore_user_meta=False, metas=['./colcon.meta'], base_paths=['.'], packages_ignore=None, packages_ignore_regex=None, paths=None, packages_up_to=None, packages_up_to_regex=None, packages_above=None, packages_above_and_dependencies=None, packages_above_depth=None, packages_select_by_dep=None, packages_skip_by_dep=None, packages_skip_up_to=None, packages_select_build_failed=False, packages_skip_build_finished=False, packages_select_test_failures=False, packages_skip_test_passed=False, packages_select=None, packages_skip=None, packages_select_regex=None, packages_skip_regex=None, packages_start=None, packages_end=None, allow_overriding=[], cmake_args=None, cmake_target=None, cmake_target_skip_unavailable=False, cmake_clean_cache=False, cmake_clean_first=False, cmake_force_configure=False, ament_cmake_args=None, catkin_cmake_args=None, catkin_skip_building_tests=False, verb_parser=<colcon_defaults.argument_parser.defaults.DefaultArgumentsDecorator object at 0x770fcd0649a0>, verb_extension=<colcon_core.verb.build.BuildVerb object at 0x770fcd064400>, main=<bound method BuildVerb.main of <colcon_core.verb.build.BuildVerb object at 0x770fcd064400>>)
[0.148s] Level 1:colcon.colcon_core.package_discovery:discover_packages(colcon_meta) check parameters
[0.148s] Level 1:colcon.colcon_core.package_discovery:discover_packages(recursive) check parameters
[0.148s] Level 1:colcon.colcon_core.package_discovery:discover_packages(ignore) check parameters
[0.148s] Level 1:colcon.colcon_core.package_discovery:discover_packages(path) check parameters
[0.148s] Level 1:colcon.colcon_core.package_discovery:discover_packages(colcon_meta) discover
[0.148s] Level 1:colcon.colcon_core.package_discovery:discover_packages(recursive) discover
[0.148s] INFO:colcon.colcon_core.package_discovery:Crawling recursively for packages in '/home/robot/project/ls65_ros/ls65/elite_ros_ws'
[0.148s] Level 1:colcon.colcon_core.package_identification:_identify(.) by extensions ['ignore', 'ignore_ament_install']
[0.149s] Level 1:colcon.colcon_core.package_identification:_identify(.) by extension 'ignore'
[0.149s] Level 1:colcon.colcon_core.package_identification:_identify(.) by extension 'ignore_ament_install'
[0.149s] Level 1:colcon.colcon_core.package_identification:_identify(.) by extensions ['colcon_pkg']
[0.149s] Level 1:colcon.colcon_core.package_identification:_identify(.) by extension 'colcon_pkg'
[0.149s] Level 1:colcon.colcon_core.package_identification:_identify(.) by extensions ['colcon_meta']
[0.149s] Level 1:colcon.colcon_core.package_identification:_identify(.) by extension 'colcon_meta'
[0.149s] Level 1:colcon.colcon_core.package_identification:_identify(.) by extensions ['ros']
[0.149s] Level 1:colcon.colcon_core.package_identification:_identify(.) by extension 'ros'
[0.155s] Level 1:colcon.colcon_core.package_identification:_identify(.) by extensions ['cmake', 'python']
[0.155s] Level 1:colcon.colcon_core.package_identification:_identify(.) by extension 'cmake'
[0.155s] Level 1:colcon.colcon_core.package_identification:_identify(.) by extension 'python'
[0.155s] Level 1:colcon.colcon_core.package_identification:_identify(.) by extensions ['python_setup_py']
[0.155s] Level 1:colcon.colcon_core.package_identification:_identify(.) by extension 'python_setup_py'
[0.155s] Level 1:colcon.colcon_core.package_identification:_identify(build) by extensions ['ignore', 'ignore_ament_install']
[0.155s] Level 1:colcon.colcon_core.package_identification:_identify(build) by extension 'ignore'
[0.155s] Level 1:colcon.colcon_core.package_identification:_identify(build) ignored
[0.155s] Level 1:colcon.colcon_core.package_identification:_identify(install) by extensions ['ignore', 'ignore_ament_install']
[0.155s] Level 1:colcon.colcon_core.package_identification:_identify(install) by extension 'ignore'
[0.155s] Level 1:colcon.colcon_core.package_identification:_identify(install) ignored
[0.155s] Level 1:colcon.colcon_core.package_identification:_identify(log) by extensions ['ignore', 'ignore_ament_install']
[0.155s] Level 1:colcon.colcon_core.package_identification:_identify(log) by extension 'ignore'
[0.155s] Level 1:colcon.colcon_core.package_identification:_identify(log) ignored
[0.155s] Level 1:colcon.colcon_core.package_identification:_identify(src) by extensions ['ignore', 'ignore_ament_install']
[0.155s] Level 1:colcon.colcon_core.package_identification:_identify(src) by extension 'ignore'
[0.155s] Level 1:colcon.colcon_core.package_identification:_identify(src) by extension 'ignore_ament_install'
[0.155s] Level 1:colcon.colcon_core.package_identification:_identify(src) by extensions ['colcon_pkg']
[0.155s] Level 1:colcon.colcon_core.package_identification:_identify(src) by extension 'colcon_pkg'
[0.155s] Level 1:colcon.colcon_core.package_identification:_identify(src) by extensions ['colcon_meta']
[0.155s] Level 1:colcon.colcon_core.package_identification:_identify(src) by extension 'colcon_meta'
[0.156s] Level 1:colcon.colcon_core.package_identification:_identify(src) by extensions ['ros']
[0.156s] Level 1:colcon.colcon_core.package_identification:_identify(src) by extension 'ros'
[0.156s] Level 1:colcon.colcon_core.package_identification:_identify(src) by extensions ['cmake', 'python']
[0.156s] Level 1:colcon.colcon_core.package_identification:_identify(src) by extension 'cmake'
[0.156s] Level 1:colcon.colcon_core.package_identification:_identify(src) by extension 'python'
[0.156s] Level 1:colcon.colcon_core.package_identification:_identify(src) by extensions ['python_setup_py']
[0.156s] Level 1:colcon.colcon_core.package_identification:_identify(src) by extension 'python_setup_py'
[0.156s] Level 1:colcon.colcon_core.package_identification:_identify(src/doc) by extensions ['ignore', 'ignore_ament_install']
[0.156s] Level 1:colcon.colcon_core.package_identification:_identify(src/doc) by extension 'ignore'
[0.156s] Level 1:colcon.colcon_core.package_identification:_identify(src/doc) by extension 'ignore_ament_install'
[0.156s] Level 1:colcon.colcon_core.package_identification:_identify(src/doc) by extensions ['colcon_pkg']
[0.156s] Level 1:colcon.colcon_core.package_identification:_identify(src/doc) by extension 'colcon_pkg'
[0.156s] Level 1:colcon.colcon_core.package_identification:_identify(src/doc) by extensions ['colcon_meta']
[0.156s] Level 1:colcon.colcon_core.package_identification:_identify(src/doc) by extension 'colcon_meta'
[0.156s] Level 1:colcon.colcon_core.package_identification:_identify(src/doc) by extensions ['ros']
[0.156s] Level 1:colcon.colcon_core.package_identification:_identify(src/doc) by extension 'ros'
[0.156s] Level 1:colcon.colcon_core.package_identification:_identify(src/doc) by extensions ['cmake', 'python']
[0.156s] Level 1:colcon.colcon_core.package_identification:_identify(src/doc) by extension 'cmake'
[0.156s] Level 1:colcon.colcon_core.package_identification:_identify(src/doc) by extension 'python'
[0.156s] Level 1:colcon.colcon_core.package_identification:_identify(src/doc) by extensions ['python_setup_py']
[0.156s] Level 1:colcon.colcon_core.package_identification:_identify(src/doc) by extension 'python_setup_py'
[0.156s] Level 1:colcon.colcon_core.package_identification:_identify(src/eli_common_interface) by extensions ['ignore', 'ignore_ament_install']
[0.156s] Level 1:colcon.colcon_core.package_identification:_identify(src/eli_common_interface) by extension 'ignore'
[0.156s] Level 1:colcon.colcon_core.package_identification:_identify(src/eli_common_interface) by extension 'ignore_ament_install'
[0.156s] Level 1:colcon.colcon_core.package_identification:_identify(src/eli_common_interface) by extensions ['colcon_pkg']
[0.156s] Level 1:colcon.colcon_core.package_identification:_identify(src/eli_common_interface) by extension 'colcon_pkg'
[0.156s] Level 1:colcon.colcon_core.package_identification:_identify(src/eli_common_interface) by extensions ['colcon_meta']
[0.156s] Level 1:colcon.colcon_core.package_identification:_identify(src/eli_common_interface) by extension 'colcon_meta'
[0.156s] Level 1:colcon.colcon_core.package_identification:_identify(src/eli_common_interface) by extensions ['ros']
[0.156s] Level 1:colcon.colcon_core.package_identification:_identify(src/eli_common_interface) by extension 'ros'
[0.158s] DEBUG:colcon.colcon_core.package_identification:Package 'src/eli_common_interface' with type 'ros.ament_cmake' and name 'eli_common_interface'
[0.158s] Level 1:colcon.colcon_core.package_identification:_identify(src/eli_cs_controllers) by extensions ['ignore', 'ignore_ament_install']
[0.158s] Level 1:colcon.colcon_core.package_identification:_identify(src/eli_cs_controllers) by extension 'ignore'
[0.158s] Level 1:colcon.colcon_core.package_identification:_identify(src/eli_cs_controllers) by extension 'ignore_ament_install'
[0.158s] Level 1:colcon.colcon_core.package_identification:_identify(src/eli_cs_controllers) by extensions ['colcon_pkg']
[0.158s] Level 1:colcon.colcon_core.package_identification:_identify(src/eli_cs_controllers) by extension 'colcon_pkg'
[0.158s] Level 1:colcon.colcon_core.package_identification:_identify(src/eli_cs_controllers) by extensions ['colcon_meta']
[0.158s] Level 1:colcon.colcon_core.package_identification:_identify(src/eli_cs_controllers) by extension 'colcon_meta'
[0.158s] Level 1:colcon.colcon_core.package_identification:_identify(src/eli_cs_controllers) by extensions ['ros']
[0.158s] Level 1:colcon.colcon_core.package_identification:_identify(src/eli_cs_controllers) by extension 'ros'
[0.159s] DEBUG:colcon.colcon_core.package_identification:Package 'src/eli_cs_controllers' with type 'ros.ament_cmake' and name 'eli_cs_controllers'
[0.159s] Level 1:colcon.colcon_core.package_identification:_identify(src/eli_cs_robot_calibration) by extensions ['ignore', 'ignore_ament_install']
[0.159s] Level 1:colcon.colcon_core.package_identification:_identify(src/eli_cs_robot_calibration) by extension 'ignore'
[0.159s] Level 1:colcon.colcon_core.package_identification:_identify(src/eli_cs_robot_calibration) by extension 'ignore_ament_install'
[0.159s] Level 1:colcon.colcon_core.package_identification:_identify(src/eli_cs_robot_calibration) by extensions ['colcon_pkg']
[0.159s] Level 1:colcon.colcon_core.package_identification:_identify(src/eli_cs_robot_calibration) by extension 'colcon_pkg'
[0.159s] Level 1:colcon.colcon_core.package_identification:_identify(src/eli_cs_robot_calibration) by extensions ['colcon_meta']
[0.159s] Level 1:colcon.colcon_core.package_identification:_identify(src/eli_cs_robot_calibration) by extension 'colcon_meta'
[0.159s] Level 1:colcon.colcon_core.package_identification:_identify(src/eli_cs_robot_calibration) by extensions ['ros']
[0.159s] Level 1:colcon.colcon_core.package_identification:_identify(src/eli_cs_robot_calibration) by extension 'ros'
[0.159s] DEBUG:colcon.colcon_core.package_identification:Package 'src/eli_cs_robot_calibration' with type 'ros.ament_cmake' and name 'eli_cs_robot_calibration'
[0.159s] Level 1:colcon.colcon_core.package_identification:_identify(src/eli_cs_robot_description) by extensions ['ignore', 'ignore_ament_install']
[0.159s] Level 1:colcon.colcon_core.package_identification:_identify(src/eli_cs_robot_description) by extension 'ignore'
[0.160s] Level 1:colcon.colcon_core.package_identification:_identify(src/eli_cs_robot_description) by extension 'ignore_ament_install'
[0.160s] Level 1:colcon.colcon_core.package_identification:_identify(src/eli_cs_robot_description) by extensions ['colcon_pkg']
[0.160s] Level 1:colcon.colcon_core.package_identification:_identify(src/eli_cs_robot_description) by extension 'colcon_pkg'
[0.160s] Level 1:colcon.colcon_core.package_identification:_identify(src/eli_cs_robot_description) by extensions ['colcon_meta']
[0.160s] Level 1:colcon.colcon_core.package_identification:_identify(src/eli_cs_robot_description) by extension 'colcon_meta'
[0.160s] Level 1:colcon.colcon_core.package_identification:_identify(src/eli_cs_robot_description) by extensions ['ros']
[0.160s] Level 1:colcon.colcon_core.package_identification:_identify(src/eli_cs_robot_description) by extension 'ros'
[0.160s] DEBUG:colcon.colcon_core.package_identification:Package 'src/eli_cs_robot_description' with type 'ros.ament_cmake' and name 'eli_cs_robot_description'
[0.160s] Level 1:colcon.colcon_core.package_identification:_identify(src/eli_cs_robot_driver) by extensions ['ignore', 'ignore_ament_install']
[0.160s] Level 1:colcon.colcon_core.package_identification:_identify(src/eli_cs_robot_driver) by extension 'ignore'
[0.160s] Level 1:colcon.colcon_core.package_identification:_identify(src/eli_cs_robot_driver) by extension 'ignore_ament_install'
[0.160s] Level 1:colcon.colcon_core.package_identification:_identify(src/eli_cs_robot_driver) by extensions ['colcon_pkg']
[0.160s] Level 1:colcon.colcon_core.package_identification:_identify(src/eli_cs_robot_driver) by extension 'colcon_pkg'
[0.160s] Level 1:colcon.colcon_core.package_identification:_identify(src/eli_cs_robot_driver) by extensions ['colcon_meta']
[0.160s] Level 1:colcon.colcon_core.package_identification:_identify(src/eli_cs_robot_driver) by extension 'colcon_meta'
[0.160s] Level 1:colcon.colcon_core.package_identification:_identify(src/eli_cs_robot_driver) by extensions ['ros']
[0.160s] Level 1:colcon.colcon_core.package_identification:_identify(src/eli_cs_robot_driver) by extension 'ros'
[0.162s] DEBUG:colcon.colcon_core.package_identification:Package 'src/eli_cs_robot_driver' with type 'ros.ament_cmake' and name 'eli_cs_robot_driver'
[0.162s] Level 1:colcon.colcon_core.package_identification:_identify(src/eli_cs_robot_moveit_config) by extensions ['ignore', 'ignore_ament_install']
[0.162s] Level 1:colcon.colcon_core.package_identification:_identify(src/eli_cs_robot_moveit_config) by extension 'ignore'
[0.162s] Level 1:colcon.colcon_core.package_identification:_identify(src/eli_cs_robot_moveit_config) by extension 'ignore_ament_install'
[0.162s] Level 1:colcon.colcon_core.package_identification:_identify(src/eli_cs_robot_moveit_config) by extensions ['colcon_pkg']
[0.162s] Level 1:colcon.colcon_core.package_identification:_identify(src/eli_cs_robot_moveit_config) by extension 'colcon_pkg'
[0.162s] Level 1:colcon.colcon_core.package_identification:_identify(src/eli_cs_robot_moveit_config) by extensions ['colcon_meta']
[0.162s] Level 1:colcon.colcon_core.package_identification:_identify(src/eli_cs_robot_moveit_config) by extension 'colcon_meta'
[0.162s] Level 1:colcon.colcon_core.package_identification:_identify(src/eli_cs_robot_moveit_config) by extensions ['ros']
[0.162s] Level 1:colcon.colcon_core.package_identification:_identify(src/eli_cs_robot_moveit_config) by extension 'ros'
[0.162s] DEBUG:colcon.colcon_core.package_identification:Package 'src/eli_cs_robot_moveit_config' with type 'ros.ament_cmake' and name 'eli_cs_robot_moveit_config'
[0.163s] Level 1:colcon.colcon_core.package_identification:_identify(src/eli_dashboard_interface) by extensions ['ignore', 'ignore_ament_install']
[0.163s] Level 1:colcon.colcon_core.package_identification:_identify(src/eli_dashboard_interface) by extension 'ignore'
[0.163s] Level 1:colcon.colcon_core.package_identification:_identify(src/eli_dashboard_interface) by extension 'ignore_ament_install'
[0.163s] Level 1:colcon.colcon_core.package_identification:_identify(src/eli_dashboard_interface) by extensions ['colcon_pkg']
[0.163s] Level 1:colcon.colcon_core.package_identification:_identify(src/eli_dashboard_interface) by extension 'colcon_pkg'
[0.163s] Level 1:colcon.colcon_core.package_identification:_identify(src/eli_dashboard_interface) by extensions ['colcon_meta']
[0.163s] Level 1:colcon.colcon_core.package_identification:_identify(src/eli_dashboard_interface) by extension 'colcon_meta'
[0.163s] Level 1:colcon.colcon_core.package_identification:_identify(src/eli_dashboard_interface) by extensions ['ros']
[0.163s] Level 1:colcon.colcon_core.package_identification:_identify(src/eli_dashboard_interface) by extension 'ros'
[0.163s] DEBUG:colcon.colcon_core.package_identification:Package 'src/eli_dashboard_interface' with type 'ros.ament_cmake' and name 'eli_dashboard_interface'
[0.163s] Level 1:colcon.colcon_core.package_identification:_identify(src/install) by extensions ['ignore', 'ignore_ament_install']
[0.163s] Level 1:colcon.colcon_core.package_identification:_identify(src/install) by extension 'ignore'
[0.163s] Level 1:colcon.colcon_core.package_identification:_identify(src/install) ignored
[0.163s] Level 1:colcon.colcon_core.package_identification:_identify(src/log) by extensions ['ignore', 'ignore_ament_install']
[0.163s] Level 1:colcon.colcon_core.package_identification:_identify(src/log) by extension 'ignore'
[0.163s] Level 1:colcon.colcon_core.package_identification:_identify(src/log) ignored
[0.163s] Level 1:colcon.colcon_core.package_discovery:discover_packages(recursive) using defaults
[0.163s] Level 1:colcon.colcon_core.package_discovery:discover_packages(ignore) discover
[0.163s] Level 1:colcon.colcon_core.package_discovery:discover_packages(ignore) using defaults
[0.163s] Level 1:colcon.colcon_core.package_discovery:discover_packages(path) discover
[0.163s] Level 1:colcon.colcon_core.package_discovery:discover_packages(path) using defaults
[0.182s] Level 1:colcon.colcon_core.package_discovery:discover_packages(prefix_path) check parameters
[0.182s] Level 1:colcon.colcon_core.package_discovery:discover_packages(prefix_path) discover
[0.183s] DEBUG:colcon.colcon_installed_package_information.package_discovery:Found 382 installed packages in /opt/ros/humble
[0.185s] Level 1:colcon.colcon_core.package_discovery:discover_packages(prefix_path) using defaults
[0.209s] Level 5:colcon.colcon_core.verb:set package 'eli_common_interface' build argument 'cmake_args' from command line to 'None'
[0.209s] Level 5:colcon.colcon_core.verb:set package 'eli_common_interface' build argument 'cmake_target' from command line to 'None'
[0.209s] Level 5:colcon.colcon_core.verb:set package 'eli_common_interface' build argument 'cmake_target_skip_unavailable' from command line to 'False'
[0.209s] Level 5:colcon.colcon_core.verb:set package 'eli_common_interface' build argument 'cmake_clean_cache' from command line to 'False'
[0.209s] Level 5:colcon.colcon_core.verb:set package 'eli_common_interface' build argument 'cmake_clean_first' from command line to 'False'
[0.209s] Level 5:colcon.colcon_core.verb:set package 'eli_common_interface' build argument 'cmake_force_configure' from command line to 'False'
[0.209s] Level 5:colcon.colcon_core.verb:set package 'eli_common_interface' build argument 'ament_cmake_args' from command line to 'None'
[0.209s] Level 5:colcon.colcon_core.verb:set package 'eli_common_interface' build argument 'catkin_cmake_args' from command line to 'None'
[0.209s] Level 5:colcon.colcon_core.verb:set package 'eli_common_interface' build argument 'catkin_skip_building_tests' from command line to 'False'
[0.209s] DEBUG:colcon.colcon_core.verb:Building package 'eli_common_interface' with the following arguments: {'ament_cmake_args': None, 'build_base': '/home/robot/project/ls65_ros/ls65/elite_ros_ws/build/eli_common_interface', 'catkin_cmake_args': None, 'catkin_skip_building_tests': False, 'cmake_args': None, 'cmake_clean_cache': False, 'cmake_clean_first': False, 'cmake_force_configure': False, 'cmake_target': None, 'cmake_target_skip_unavailable': False, 'install_base': '/home/robot/project/ls65_ros/ls65/elite_ros_ws/install/eli_common_interface', 'merge_install': False, 'path': '/home/robot/project/ls65_ros/ls65/elite_ros_ws/src/eli_common_interface', 'symlink_install': False, 'test_result_base': None}
[0.209s] Level 5:colcon.colcon_core.verb:set package 'eli_cs_robot_calibration' build argument 'cmake_args' from command line to 'None'
[0.209s] Level 5:colcon.colcon_core.verb:set package 'eli_cs_robot_calibration' build argument 'cmake_target' from command line to 'None'
[0.209s] Level 5:colcon.colcon_core.verb:set package 'eli_cs_robot_calibration' build argument 'cmake_target_skip_unavailable' from command line to 'False'
[0.209s] Level 5:colcon.colcon_core.verb:set package 'eli_cs_robot_calibration' build argument 'cmake_clean_cache' from command line to 'False'
[0.209s] Level 5:colcon.colcon_core.verb:set package 'eli_cs_robot_calibration' build argument 'cmake_clean_first' from command line to 'False'
[0.209s] Level 5:colcon.colcon_core.verb:set package 'eli_cs_robot_calibration' build argument 'cmake_force_configure' from command line to 'False'
[0.209s] Level 5:colcon.colcon_core.verb:set package 'eli_cs_robot_calibration' build argument 'ament_cmake_args' from command line to 'None'
[0.209s] Level 5:colcon.colcon_core.verb:set package 'eli_cs_robot_calibration' build argument 'catkin_cmake_args' from command line to 'None'
[0.209s] Level 5:colcon.colcon_core.verb:set package 'eli_cs_robot_calibration' build argument 'catkin_skip_building_tests' from command line to 'False'
[0.209s] DEBUG:colcon.colcon_core.verb:Building package 'eli_cs_robot_calibration' with the following arguments: {'ament_cmake_args': None, 'build_base': '/home/robot/project/ls65_ros/ls65/elite_ros_ws/build/eli_cs_robot_calibration', 'catkin_cmake_args': None, 'catkin_skip_building_tests': False, 'cmake_args': None, 'cmake_clean_cache': False, 'cmake_clean_first': False, 'cmake_force_configure': False, 'cmake_target': None, 'cmake_target_skip_unavailable': False, 'install_base': '/home/robot/project/ls65_ros/ls65/elite_ros_ws/install/eli_cs_robot_calibration', 'merge_install': False, 'path': '/home/robot/project/ls65_ros/ls65/elite_ros_ws/src/eli_cs_robot_calibration', 'symlink_install': False, 'test_result_base': None}
[0.210s] Level 5:colcon.colcon_core.verb:set package 'eli_cs_robot_description' build argument 'cmake_args' from command line to 'None'
[0.210s] Level 5:colcon.colcon_core.verb:set package 'eli_cs_robot_description' build argument 'cmake_target' from command line to 'None'
[0.210s] Level 5:colcon.colcon_core.verb:set package 'eli_cs_robot_description' build argument 'cmake_target_skip_unavailable' from command line to 'False'
[0.210s] Level 5:colcon.colcon_core.verb:set package 'eli_cs_robot_description' build argument 'cmake_clean_cache' from command line to 'False'
[0.210s] Level 5:colcon.colcon_core.verb:set package 'eli_cs_robot_description' build argument 'cmake_clean_first' from command line to 'False'
[0.210s] Level 5:colcon.colcon_core.verb:set package 'eli_cs_robot_description' build argument 'cmake_force_configure' from command line to 'False'
[0.210s] Level 5:colcon.colcon_core.verb:set package 'eli_cs_robot_description' build argument 'ament_cmake_args' from command line to 'None'
[0.210s] Level 5:colcon.colcon_core.verb:set package 'eli_cs_robot_description' build argument 'catkin_cmake_args' from command line to 'None'
[0.210s] Level 5:colcon.colcon_core.verb:set package 'eli_cs_robot_description' build argument 'catkin_skip_building_tests' from command line to 'False'
[0.210s] DEBUG:colcon.colcon_core.verb:Building package 'eli_cs_robot_description' with the following arguments: {'ament_cmake_args': None, 'build_base': '/home/robot/project/ls65_ros/ls65/elite_ros_ws/build/eli_cs_robot_description', 'catkin_cmake_args': None, 'catkin_skip_building_tests': False, 'cmake_args': None, 'cmake_clean_cache': False, 'cmake_clean_first': False, 'cmake_force_configure': False, 'cmake_target': None, 'cmake_target_skip_unavailable': False, 'install_base': '/home/robot/project/ls65_ros/ls65/elite_ros_ws/install/eli_cs_robot_description', 'merge_install': False, 'path': '/home/robot/project/ls65_ros/ls65/elite_ros_ws/src/eli_cs_robot_description', 'symlink_install': False, 'test_result_base': None}
[0.210s] Level 5:colcon.colcon_core.verb:set package 'eli_dashboard_interface' build argument 'cmake_args' from command line to 'None'
[0.210s] Level 5:colcon.colcon_core.verb:set package 'eli_dashboard_interface' build argument 'cmake_target' from command line to 'None'
[0.210s] Level 5:colcon.colcon_core.verb:set package 'eli_dashboard_interface' build argument 'cmake_target_skip_unavailable' from command line to 'False'
[0.210s] Level 5:colcon.colcon_core.verb:set package 'eli_dashboard_interface' build argument 'cmake_clean_cache' from command line to 'False'
[0.210s] Level 5:colcon.colcon_core.verb:set package 'eli_dashboard_interface' build argument 'cmake_clean_first' from command line to 'False'
[0.210s] Level 5:colcon.colcon_core.verb:set package 'eli_dashboard_interface' build argument 'cmake_force_configure' from command line to 'False'
[0.210s] Level 5:colcon.colcon_core.verb:set package 'eli_dashboard_interface' build argument 'ament_cmake_args' from command line to 'None'
[0.210s] Level 5:colcon.colcon_core.verb:set package 'eli_dashboard_interface' build argument 'catkin_cmake_args' from command line to 'None'
[0.210s] Level 5:colcon.colcon_core.verb:set package 'eli_dashboard_interface' build argument 'catkin_skip_building_tests' from command line to 'False'
[0.210s] DEBUG:colcon.colcon_core.verb:Building package 'eli_dashboard_interface' with the following arguments: {'ament_cmake_args': None, 'build_base': '/home/robot/project/ls65_ros/ls65/elite_ros_ws/build/eli_dashboard_interface', 'catkin_cmake_args': None, 'catkin_skip_building_tests': False, 'cmake_args': None, 'cmake_clean_cache': False, 'cmake_clean_first': False, 'cmake_force_configure': False, 'cmake_target': None, 'cmake_target_skip_unavailable': False, 'install_base': '/home/robot/project/ls65_ros/ls65/elite_ros_ws/install/eli_dashboard_interface', 'merge_install': False, 'path': '/home/robot/project/ls65_ros/ls65/elite_ros_ws/src/eli_dashboard_interface', 'symlink_install': False, 'test_result_base': None}
[0.210s] Level 5:colcon.colcon_core.verb:set package 'eli_cs_controllers' build argument 'cmake_args' from command line to 'None'
[0.210s] Level 5:colcon.colcon_core.verb:set package 'eli_cs_controllers' build argument 'cmake_target' from command line to 'None'
[0.210s] Level 5:colcon.colcon_core.verb:set package 'eli_cs_controllers' build argument 'cmake_target_skip_unavailable' from command line to 'False'
[0.210s] Level 5:colcon.colcon_core.verb:set package 'eli_cs_controllers' build argument 'cmake_clean_cache' from command line to 'False'
[0.210s] Level 5:colcon.colcon_core.verb:set package 'eli_cs_controllers' build argument 'cmake_clean_first' from command line to 'False'
[0.210s] Level 5:colcon.colcon_core.verb:set package 'eli_cs_controllers' build argument 'cmake_force_configure' from command line to 'False'
[0.210s] Level 5:colcon.colcon_core.verb:set package 'eli_cs_controllers' build argument 'ament_cmake_args' from command line to 'None'
[0.210s] Level 5:colcon.colcon_core.verb:set package 'eli_cs_controllers' build argument 'catkin_cmake_args' from command line to 'None'
[0.210s] Level 5:colcon.colcon_core.verb:set package 'eli_cs_controllers' build argument 'catkin_skip_building_tests' from command line to 'False'
[0.210s] DEBUG:colcon.colcon_core.verb:Building package 'eli_cs_controllers' with the following arguments: {'ament_cmake_args': None, 'build_base': '/home/robot/project/ls65_ros/ls65/elite_ros_ws/build/eli_cs_controllers', 'catkin_cmake_args': None, 'catkin_skip_building_tests': False, 'cmake_args': None, 'cmake_clean_cache': False, 'cmake_clean_first': False, 'cmake_force_configure': False, 'cmake_target': None, 'cmake_target_skip_unavailable': False, 'install_base': '/home/robot/project/ls65_ros/ls65/elite_ros_ws/install/eli_cs_controllers', 'merge_install': False, 'path': '/home/robot/project/ls65_ros/ls65/elite_ros_ws/src/eli_cs_controllers', 'symlink_install': False, 'test_result_base': None}
[0.210s] Level 5:colcon.colcon_core.verb:set package 'eli_cs_robot_driver' build argument 'cmake_args' from command line to 'None'
[0.210s] Level 5:colcon.colcon_core.verb:set package 'eli_cs_robot_driver' build argument 'cmake_target' from command line to 'None'
[0.210s] Level 5:colcon.colcon_core.verb:set package 'eli_cs_robot_driver' build argument 'cmake_target_skip_unavailable' from command line to 'False'
[0.210s] Level 5:colcon.colcon_core.verb:set package 'eli_cs_robot_driver' build argument 'cmake_clean_cache' from command line to 'False'
[0.210s] Level 5:colcon.colcon_core.verb:set package 'eli_cs_robot_driver' build argument 'cmake_clean_first' from command line to 'False'
[0.210s] Level 5:colcon.colcon_core.verb:set package 'eli_cs_robot_driver' build argument 'cmake_force_configure' from command line to 'False'
[0.210s] Level 5:colcon.colcon_core.verb:set package 'eli_cs_robot_driver' build argument 'ament_cmake_args' from command line to 'None'
[0.210s] Level 5:colcon.colcon_core.verb:set package 'eli_cs_robot_driver' build argument 'catkin_cmake_args' from command line to 'None'
[0.210s] Level 5:colcon.colcon_core.verb:set package 'eli_cs_robot_driver' build argument 'catkin_skip_building_tests' from command line to 'False'
[0.210s] DEBUG:colcon.colcon_core.verb:Building package 'eli_cs_robot_driver' with the following arguments: {'ament_cmake_args': None, 'build_base': '/home/robot/project/ls65_ros/ls65/elite_ros_ws/build/eli_cs_robot_driver', 'catkin_cmake_args': None, 'catkin_skip_building_tests': False, 'cmake_args': None, 'cmake_clean_cache': False, 'cmake_clean_first': False, 'cmake_force_configure': False, 'cmake_target': None, 'cmake_target_skip_unavailable': False, 'install_base': '/home/robot/project/ls65_ros/ls65/elite_ros_ws/install/eli_cs_robot_driver', 'merge_install': False, 'path': '/home/robot/project/ls65_ros/ls65/elite_ros_ws/src/eli_cs_robot_driver', 'symlink_install': False, 'test_result_base': None}
[0.211s] Level 5:colcon.colcon_core.verb:set package 'eli_cs_robot_moveit_config' build argument 'cmake_args' from command line to 'None'
[0.211s] Level 5:colcon.colcon_core.verb:set package 'eli_cs_robot_moveit_config' build argument 'cmake_target' from command line to 'None'
[0.211s] Level 5:colcon.colcon_core.verb:set package 'eli_cs_robot_moveit_config' build argument 'cmake_target_skip_unavailable' from command line to 'False'
[0.211s] Level 5:colcon.colcon_core.verb:set package 'eli_cs_robot_moveit_config' build argument 'cmake_clean_cache' from command line to 'False'
[0.211s] Level 5:colcon.colcon_core.verb:set package 'eli_cs_robot_moveit_config' build argument 'cmake_clean_first' from command line to 'False'
[0.211s] Level 5:colcon.colcon_core.verb:set package 'eli_cs_robot_moveit_config' build argument 'cmake_force_configure' from command line to 'False'
[0.211s] Level 5:colcon.colcon_core.verb:set package 'eli_cs_robot_moveit_config' build argument 'ament_cmake_args' from command line to 'None'
[0.211s] Level 5:colcon.colcon_core.verb:set package 'eli_cs_robot_moveit_config' build argument 'catkin_cmake_args' from command line to 'None'
[0.211s] Level 5:colcon.colcon_core.verb:set package 'eli_cs_robot_moveit_config' build argument 'catkin_skip_building_tests' from command line to 'False'
[0.211s] DEBUG:colcon.colcon_core.verb:Building package 'eli_cs_robot_moveit_config' with the following arguments: {'ament_cmake_args': None, 'build_base': '/home/robot/project/ls65_ros/ls65/elite_ros_ws/build/eli_cs_robot_moveit_config', 'catkin_cmake_args': None, 'catkin_skip_building_tests': False, 'cmake_args': None, 'cmake_clean_cache': False, 'cmake_clean_first': False, 'cmake_force_configure': False, 'cmake_target': None, 'cmake_target_skip_unavailable': False, 'install_base': '/home/robot/project/ls65_ros/ls65/elite_ros_ws/install/eli_cs_robot_moveit_config', 'merge_install': False, 'path': '/home/robot/project/ls65_ros/ls65/elite_ros_ws/src/eli_cs_robot_moveit_config', 'symlink_install': False, 'test_result_base': None}
[0.211s] INFO:colcon.colcon_core.executor:Executing jobs using 'parallel' executor
[0.211s] DEBUG:colcon.colcon_parallel_executor.executor.parallel:run_until_complete
[0.212s] INFO:colcon.colcon_ros.task.ament_cmake.build:Building ROS package in '/home/robot/project/ls65_ros/ls65/elite_ros_ws/src/eli_common_interface' with build type 'ament_cmake'
[0.212s] INFO:colcon.colcon_cmake.task.cmake.build:Building CMake package in '/home/robot/project/ls65_ros/ls65/elite_ros_ws/src/eli_common_interface'
[0.213s] INFO:colcon.colcon_core.plugin_system:Skipping extension 'colcon_core.shell.bat': Not used on non-Windows systems
[0.213s] INFO:colcon.colcon_core.shell:Skip shell extension 'powershell' for command environment: Not usable outside of PowerShell
[0.213s] DEBUG:colcon.colcon_core.shell:Skip shell extension 'dsv' for command environment
[0.215s] INFO:colcon.colcon_ros.task.ament_cmake.build:Building ROS package in '/home/robot/project/ls65_ros/ls65/elite_ros_ws/src/eli_cs_robot_description' with build type 'ament_cmake'
[0.215s] INFO:colcon.colcon_cmake.task.cmake.build:Building CMake package in '/home/robot/project/ls65_ros/ls65/elite_ros_ws/src/eli_cs_robot_description'
[0.215s] INFO:colcon.colcon_core.shell:Skip shell extension 'powershell' for command environment: Not usable outside of PowerShell
[0.215s] DEBUG:colcon.colcon_core.shell:Skip shell extension 'dsv' for command environment
[0.217s] INFO:colcon.colcon_ros.task.ament_cmake.build:Building ROS package in '/home/robot/project/ls65_ros/ls65/elite_ros_ws/src/eli_dashboard_interface' with build type 'ament_cmake'
[0.217s] INFO:colcon.colcon_cmake.task.cmake.build:Building CMake package in '/home/robot/project/ls65_ros/ls65/elite_ros_ws/src/eli_dashboard_interface'
[0.217s] INFO:colcon.colcon_core.shell:Skip shell extension 'powershell' for command environment: Not usable outside of PowerShell
[0.217s] DEBUG:colcon.colcon_core.shell:Skip shell extension 'dsv' for command environment
[0.219s] INFO:colcon.colcon_ros.task.ament_cmake.build:Building ROS package in '/home/robot/project/ls65_ros/ls65/elite_ros_ws/src/eli_cs_robot_calibration' with build type 'ament_cmake'
[0.219s] INFO:colcon.colcon_cmake.task.cmake.build:Building CMake package in '/home/robot/project/ls65_ros/ls65/elite_ros_ws/src/eli_cs_robot_calibration'
[0.219s] INFO:colcon.colcon_core.shell:Skip shell extension 'powershell' for command environment: Not usable outside of PowerShell
[0.219s] DEBUG:colcon.colcon_core.shell:Skip shell extension 'dsv' for command environment
[0.225s] DEBUG:colcon.colcon_core.event_handler.log_command:Invoking command in '/home/robot/project/ls65_ros/ls65/elite_ros_ws/build/eli_common_interface': CMAKE_PREFIX_PATH=/opt/ros/humble /usr/bin/cmake --build /home/robot/project/ls65_ros/ls65/elite_ros_ws/build/eli_common_interface -- -j16 -l16
[0.227s] DEBUG:colcon.colcon_core.event_handler.log_command:Invoking command in '/home/robot/project/ls65_ros/ls65/elite_ros_ws/build/eli_cs_robot_description': CMAKE_PREFIX_PATH=/opt/ros/humble /usr/bin/cmake --build /home/robot/project/ls65_ros/ls65/elite_ros_ws/build/eli_cs_robot_description -- -j16 -l16
[0.230s] DEBUG:colcon.colcon_core.event_handler.log_command:Invoking command in '/home/robot/project/ls65_ros/ls65/elite_ros_ws/build/eli_dashboard_interface': CMAKE_PREFIX_PATH=/opt/ros/humble /usr/bin/cmake --build /home/robot/project/ls65_ros/ls65/elite_ros_ws/build/eli_dashboard_interface -- -j16 -l16
[0.233s] DEBUG:colcon.colcon_core.event_handler.log_command:Invoking command in '/home/robot/project/ls65_ros/ls65/elite_ros_ws/build/eli_cs_robot_calibration': CMAKE_PREFIX_PATH=/opt/ros/humble /usr/bin/cmake /home/robot/project/ls65_ros/ls65/elite_ros_ws/src/eli_cs_robot_calibration -DCMAKE_INSTALL_PREFIX=/home/robot/project/ls65_ros/ls65/elite_ros_ws/install/eli_cs_robot_calibration
[0.264s] DEBUG:colcon.colcon_core.event_handler.log_command:Invoked command in '/home/robot/project/ls65_ros/ls65/elite_ros_ws/build/eli_cs_robot_description' returned '0': CMAKE_PREFIX_PATH=/opt/ros/humble /usr/bin/cmake --build /home/robot/project/ls65_ros/ls65/elite_ros_ws/build/eli_cs_robot_description -- -j16 -l16
[0.274s] DEBUG:colcon.colcon_core.event_handler.log_command:Invoking command in '/home/robot/project/ls65_ros/ls65/elite_ros_ws/build/eli_cs_robot_description': CMAKE_PREFIX_PATH=/opt/ros/humble /usr/bin/cmake --install /home/robot/project/ls65_ros/ls65/elite_ros_ws/build/eli_cs_robot_description
[0.292s] Level 1:colcon.colcon_core.environment:create_environment_scripts_only(eli_cs_robot_description)
[0.300s] Level 1:colcon.colcon_core.environment:checking '/home/robot/project/ls65_ros/ls65/elite_ros_ws/install/eli_cs_robot_description' for CMake module files
[0.303s] Level 1:colcon.colcon_core.environment:checking '/home/robot/project/ls65_ros/ls65/elite_ros_ws/install/eli_cs_robot_description' for CMake config files
[0.305s] DEBUG:colcon.colcon_core.event_handler.log_command:Invoked command in '/home/robot/project/ls65_ros/ls65/elite_ros_ws/build/eli_cs_robot_description' returned '0': CMAKE_PREFIX_PATH=/opt/ros/humble /usr/bin/cmake --install /home/robot/project/ls65_ros/ls65/elite_ros_ws/build/eli_cs_robot_description
[0.306s] Level 1:colcon.colcon_core.shell:create_environment_hook('eli_cs_robot_description', 'cmake_prefix_path')
[0.306s] INFO:colcon.colcon_core.shell:Creating environment hook '/home/robot/project/ls65_ros/ls65/elite_ros_ws/install/eli_cs_robot_description/share/eli_cs_robot_description/hook/cmake_prefix_path.ps1'
[0.307s] INFO:colcon.colcon_core.shell:Creating environment descriptor '/home/robot/project/ls65_ros/ls65/elite_ros_ws/install/eli_cs_robot_description/share/eli_cs_robot_description/hook/cmake_prefix_path.dsv'
[0.307s] INFO:colcon.colcon_core.shell:Creating environment hook '/home/robot/project/ls65_ros/ls65/elite_ros_ws/install/eli_cs_robot_description/share/eli_cs_robot_description/hook/cmake_prefix_path.sh'
[0.308s] Level 1:colcon.colcon_core.environment:checking '/home/robot/project/ls65_ros/ls65/elite_ros_ws/install/eli_cs_robot_description/bin'
[0.309s] Level 1:colcon.colcon_core.environment:checking '/home/robot/project/ls65_ros/ls65/elite_ros_ws/install/eli_cs_robot_description/lib/pkgconfig/eli_cs_robot_description.pc'
[0.309s] Level 1:colcon.colcon_core.environment:checking '/home/robot/project/ls65_ros/ls65/elite_ros_ws/install/eli_cs_robot_description/lib/python3.10/site-packages'
[0.309s] Level 1:colcon.colcon_core.environment:checking '/home/robot/project/ls65_ros/ls65/elite_ros_ws/install/eli_cs_robot_description/bin'
[0.310s] INFO:colcon.colcon_core.shell:Creating package script '/home/robot/project/ls65_ros/ls65/elite_ros_ws/install/eli_cs_robot_description/share/eli_cs_robot_description/package.ps1'
[0.312s] INFO:colcon.colcon_core.shell:Creating package descriptor '/home/robot/project/ls65_ros/ls65/elite_ros_ws/install/eli_cs_robot_description/share/eli_cs_robot_description/package.dsv'
[0.313s] INFO:colcon.colcon_core.shell:Creating package script '/home/robot/project/ls65_ros/ls65/elite_ros_ws/install/eli_cs_robot_description/share/eli_cs_robot_description/package.sh'
[0.313s] INFO:colcon.colcon_core.shell:Creating package script '/home/robot/project/ls65_ros/ls65/elite_ros_ws/install/eli_cs_robot_description/share/eli_cs_robot_description/package.bash'
[0.314s] INFO:colcon.colcon_core.shell:Creating package script '/home/robot/project/ls65_ros/ls65/elite_ros_ws/install/eli_cs_robot_description/share/eli_cs_robot_description/package.zsh'
[0.315s] Level 1:colcon.colcon_core.environment:create_file_with_runtime_dependencies(/home/robot/project/ls65_ros/ls65/elite_ros_ws/install/eli_cs_robot_description/share/colcon-core/packages/eli_cs_robot_description)
[0.316s] Level 1:colcon.colcon_core.environment:create_environment_scripts_only(eli_cs_robot_description)
[0.316s] Level 1:colcon.colcon_core.environment:checking '/home/robot/project/ls65_ros/ls65/elite_ros_ws/install/eli_cs_robot_description' for CMake module files
[0.316s] Level 1:colcon.colcon_core.environment:checking '/home/robot/project/ls65_ros/ls65/elite_ros_ws/install/eli_cs_robot_description' for CMake config files
[0.317s] Level 1:colcon.colcon_core.shell:create_environment_hook('eli_cs_robot_description', 'cmake_prefix_path')
[0.317s] INFO:colcon.colcon_core.shell:Creating environment hook '/home/robot/project/ls65_ros/ls65/elite_ros_ws/install/eli_cs_robot_description/share/eli_cs_robot_description/hook/cmake_prefix_path.ps1'
[0.318s] INFO:colcon.colcon_core.shell:Creating environment descriptor '/home/robot/project/ls65_ros/ls65/elite_ros_ws/install/eli_cs_robot_description/share/eli_cs_robot_description/hook/cmake_prefix_path.dsv'
[0.318s] INFO:colcon.colcon_core.shell:Creating environment hook '/home/robot/project/ls65_ros/ls65/elite_ros_ws/install/eli_cs_robot_description/share/eli_cs_robot_description/hook/cmake_prefix_path.sh'
[0.319s] Level 1:colcon.colcon_core.environment:checking '/home/robot/project/ls65_ros/ls65/elite_ros_ws/install/eli_cs_robot_description/bin'
[0.319s] Level 1:colcon.colcon_core.environment:checking '/home/robot/project/ls65_ros/ls65/elite_ros_ws/install/eli_cs_robot_description/lib/pkgconfig/eli_cs_robot_description.pc'
[0.319s] Level 1:colcon.colcon_core.environment:checking '/home/robot/project/ls65_ros/ls65/elite_ros_ws/install/eli_cs_robot_description/lib/python3.10/site-packages'
[0.319s] Level 1:colcon.colcon_core.environment:checking '/home/robot/project/ls65_ros/ls65/elite_ros_ws/install/eli_cs_robot_description/bin'
[0.320s] INFO:colcon.colcon_core.shell:Creating package script '/home/robot/project/ls65_ros/ls65/elite_ros_ws/install/eli_cs_robot_description/share/eli_cs_robot_description/package.ps1'
[0.321s] INFO:colcon.colcon_core.shell:Creating package descriptor '/home/robot/project/ls65_ros/ls65/elite_ros_ws/install/eli_cs_robot_description/share/eli_cs_robot_description/package.dsv'
[0.321s] INFO:colcon.colcon_core.shell:Creating package script '/home/robot/project/ls65_ros/ls65/elite_ros_ws/install/eli_cs_robot_description/share/eli_cs_robot_description/package.sh'
[0.321s] INFO:colcon.colcon_core.shell:Creating package script '/home/robot/project/ls65_ros/ls65/elite_ros_ws/install/eli_cs_robot_description/share/eli_cs_robot_description/package.bash'
[0.322s] INFO:colcon.colcon_core.shell:Creating package script '/home/robot/project/ls65_ros/ls65/elite_ros_ws/install/eli_cs_robot_description/share/eli_cs_robot_description/package.zsh'
[0.322s] Level 1:colcon.colcon_core.environment:create_file_with_runtime_dependencies(/home/robot/project/ls65_ros/ls65/elite_ros_ws/install/eli_cs_robot_description/share/colcon-core/packages/eli_cs_robot_description)
[0.322s] INFO:colcon.colcon_ros.task.ament_cmake.build:Building ROS package in '/home/robot/project/ls65_ros/ls65/elite_ros_ws/src/eli_cs_robot_moveit_config' with build type 'ament_cmake'
[0.323s] INFO:colcon.colcon_cmake.task.cmake.build:Building CMake package in '/home/robot/project/ls65_ros/ls65/elite_ros_ws/src/eli_cs_robot_moveit_config'
[0.323s] INFO:colcon.colcon_core.shell:Skip shell extension 'powershell' for command environment: Not usable outside of PowerShell
[0.323s] DEBUG:colcon.colcon_core.shell:Skip shell extension 'dsv' for command environment
[0.331s] DEBUG:colcon.colcon_core.event_handler.log_command:Invoking command in '/home/robot/project/ls65_ros/ls65/elite_ros_ws/build/eli_cs_robot_moveit_config': AMENT_PREFIX_PATH=/home/robot/project/ls65_ros/ls65/elite_ros_ws/install/eli_cs_robot_description:${AMENT_PREFIX_PATH} CMAKE_PREFIX_PATH=/home/robot/project/ls65_ros/ls65/elite_ros_ws/install/eli_cs_robot_description:/opt/ros/humble /usr/bin/cmake --build /home/robot/project/ls65_ros/ls65/elite_ros_ws/build/eli_cs_robot_moveit_config -- -j16 -l16
[0.490s] DEBUG:colcon.colcon_core.event_handler.log_command:Invoked command in '/home/robot/project/ls65_ros/ls65/elite_ros_ws/build/eli_common_interface' returned '0': CMAKE_PREFIX_PATH=/opt/ros/humble /usr/bin/cmake --build /home/robot/project/ls65_ros/ls65/elite_ros_ws/build/eli_common_interface -- -j16 -l16
[0.491s] DEBUG:colcon.colcon_core.event_handler.log_command:Invoking command in '/home/robot/project/ls65_ros/ls65/elite_ros_ws/build/eli_common_interface': CMAKE_PREFIX_PATH=/opt/ros/humble /usr/bin/cmake --install /home/robot/project/ls65_ros/ls65/elite_ros_ws/build/eli_common_interface
[0.522s] DEBUG:colcon.colcon_core.event_handler.log_command:Invoked command in '/home/robot/project/ls65_ros/ls65/elite_ros_ws/build/eli_dashboard_interface' returned '0': CMAKE_PREFIX_PATH=/opt/ros/humble /usr/bin/cmake --build /home/robot/project/ls65_ros/ls65/elite_ros_ws/build/eli_dashboard_interface -- -j16 -l16
[0.523s] DEBUG:colcon.colcon_core.event_handler.log_command:Invoking command in '/home/robot/project/ls65_ros/ls65/elite_ros_ws/build/eli_dashboard_interface': CMAKE_PREFIX_PATH=/opt/ros/humble /usr/bin/cmake --install /home/robot/project/ls65_ros/ls65/elite_ros_ws/build/eli_dashboard_interface
[0.574s] DEBUG:colcon.colcon_core.event_handler.log_command:Invoked command in '/home/robot/project/ls65_ros/ls65/elite_ros_ws/build/eli_cs_robot_moveit_config' returned '0': AMENT_PREFIX_PATH=/home/robot/project/ls65_ros/ls65/elite_ros_ws/install/eli_cs_robot_description:${AMENT_PREFIX_PATH} CMAKE_PREFIX_PATH=/home/robot/project/ls65_ros/ls65/elite_ros_ws/install/eli_cs_robot_description:/opt/ros/humble /usr/bin/cmake --build /home/robot/project/ls65_ros/ls65/elite_ros_ws/build/eli_cs_robot_moveit_config -- -j16 -l16
[0.575s] DEBUG:colcon.colcon_core.event_handler.log_command:Invoking command in '/home/robot/project/ls65_ros/ls65/elite_ros_ws/build/eli_cs_robot_moveit_config': AMENT_PREFIX_PATH=/home/robot/project/ls65_ros/ls65/elite_ros_ws/install/eli_cs_robot_description:${AMENT_PREFIX_PATH} CMAKE_PREFIX_PATH=/home/robot/project/ls65_ros/ls65/elite_ros_ws/install/eli_cs_robot_description:/opt/ros/humble /usr/bin/cmake --install /home/robot/project/ls65_ros/ls65/elite_ros_ws/build/eli_cs_robot_moveit_config
[0.583s] Level 1:colcon.colcon_core.environment:create_environment_scripts_only(eli_common_interface)
[0.583s] Level 1:colcon.colcon_core.environment:checking '/home/robot/project/ls65_ros/ls65/elite_ros_ws/install/eli_common_interface' for CMake module files
[0.585s] Level 1:colcon.colcon_core.environment:checking '/home/robot/project/ls65_ros/ls65/elite_ros_ws/install/eli_common_interface' for CMake config files
[0.587s] DEBUG:colcon.colcon_core.event_handler.log_command:Invoked command in '/home/robot/project/ls65_ros/ls65/elite_ros_ws/build/eli_common_interface' returned '0': CMAKE_PREFIX_PATH=/opt/ros/humble /usr/bin/cmake --install /home/robot/project/ls65_ros/ls65/elite_ros_ws/build/eli_common_interface
[0.589s] Level 1:colcon.colcon_core.shell:create_environment_hook('eli_common_interface', 'cmake_prefix_path')
[0.589s] INFO:colcon.colcon_core.shell:Creating environment hook '/home/robot/project/ls65_ros/ls65/elite_ros_ws/install/eli_common_interface/share/eli_common_interface/hook/cmake_prefix_path.ps1'
[0.590s] INFO:colcon.colcon_core.shell:Creating environment descriptor '/home/robot/project/ls65_ros/ls65/elite_ros_ws/install/eli_common_interface/share/eli_common_interface/hook/cmake_prefix_path.dsv'
[0.590s] INFO:colcon.colcon_core.shell:Creating environment hook '/home/robot/project/ls65_ros/ls65/elite_ros_ws/install/eli_common_interface/share/eli_common_interface/hook/cmake_prefix_path.sh'
[0.591s] Level 1:colcon.colcon_core.environment:checking '/home/robot/project/ls65_ros/ls65/elite_ros_ws/install/eli_common_interface/lib'
[0.591s] Level 1:colcon.colcon_core.shell:create_environment_hook('eli_common_interface', 'ld_library_path_lib')
[0.591s] INFO:colcon.colcon_core.shell:Creating environment hook '/home/robot/project/ls65_ros/ls65/elite_ros_ws/install/eli_common_interface/share/eli_common_interface/hook/ld_library_path_lib.ps1'
[0.591s] INFO:colcon.colcon_core.shell:Creating environment descriptor '/home/robot/project/ls65_ros/ls65/elite_ros_ws/install/eli_common_interface/share/eli_common_interface/hook/ld_library_path_lib.dsv'
[0.592s] INFO:colcon.colcon_core.shell:Creating environment hook '/home/robot/project/ls65_ros/ls65/elite_ros_ws/install/eli_common_interface/share/eli_common_interface/hook/ld_library_path_lib.sh'
[0.592s] Level 1:colcon.colcon_core.environment:checking '/home/robot/project/ls65_ros/ls65/elite_ros_ws/install/eli_common_interface/bin'
[0.592s] Level 1:colcon.colcon_core.environment:checking '/home/robot/project/ls65_ros/ls65/elite_ros_ws/install/eli_common_interface/lib/pkgconfig/eli_common_interface.pc'
[0.592s] Level 1:colcon.colcon_core.environment:checking '/home/robot/project/ls65_ros/ls65/elite_ros_ws/install/eli_common_interface/lib/python3.10/site-packages'
[0.592s] Level 1:colcon.colcon_core.environment:checking '/home/robot/project/ls65_ros/ls65/elite_ros_ws/install/eli_common_interface/bin'
[0.593s] INFO:colcon.colcon_core.shell:Creating package script '/home/robot/project/ls65_ros/ls65/elite_ros_ws/install/eli_common_interface/share/eli_common_interface/package.ps1'
[0.593s] INFO:colcon.colcon_core.shell:Creating package descriptor '/home/robot/project/ls65_ros/ls65/elite_ros_ws/install/eli_common_interface/share/eli_common_interface/package.dsv'
[0.594s] INFO:colcon.colcon_core.shell:Creating package script '/home/robot/project/ls65_ros/ls65/elite_ros_ws/install/eli_common_interface/share/eli_common_interface/package.sh'
[0.594s] INFO:colcon.colcon_core.shell:Creating package script '/home/robot/project/ls65_ros/ls65/elite_ros_ws/install/eli_common_interface/share/eli_common_interface/package.bash'
[0.594s] INFO:colcon.colcon_core.shell:Creating package script '/home/robot/project/ls65_ros/ls65/elite_ros_ws/install/eli_common_interface/share/eli_common_interface/package.zsh'
[0.595s] Level 1:colcon.colcon_core.environment:create_file_with_runtime_dependencies(/home/robot/project/ls65_ros/ls65/elite_ros_ws/install/eli_common_interface/share/colcon-core/packages/eli_common_interface)
[0.595s] Level 1:colcon.colcon_core.environment:create_environment_scripts_only(eli_common_interface)
[0.596s] Level 1:colcon.colcon_core.environment:checking '/home/robot/project/ls65_ros/ls65/elite_ros_ws/install/eli_common_interface' for CMake module files
[0.596s] Level 1:colcon.colcon_core.environment:checking '/home/robot/project/ls65_ros/ls65/elite_ros_ws/install/eli_common_interface' for CMake config files
[0.598s] Level 1:colcon.colcon_core.shell:create_environment_hook('eli_common_interface', 'cmake_prefix_path')
[0.599s] INFO:colcon.colcon_core.shell:Creating environment hook '/home/robot/project/ls65_ros/ls65/elite_ros_ws/install/eli_common_interface/share/eli_common_interface/hook/cmake_prefix_path.ps1'
[0.599s] INFO:colcon.colcon_core.shell:Creating environment descriptor '/home/robot/project/ls65_ros/ls65/elite_ros_ws/install/eli_common_interface/share/eli_common_interface/hook/cmake_prefix_path.dsv'
[0.599s] INFO:colcon.colcon_core.shell:Creating environment hook '/home/robot/project/ls65_ros/ls65/elite_ros_ws/install/eli_common_interface/share/eli_common_interface/hook/cmake_prefix_path.sh'
[0.600s] Level 1:colcon.colcon_core.environment:checking '/home/robot/project/ls65_ros/ls65/elite_ros_ws/install/eli_common_interface/lib'
[0.600s] Level 1:colcon.colcon_core.shell:create_environment_hook('eli_common_interface', 'ld_library_path_lib')
[0.600s] INFO:colcon.colcon_core.shell:Creating environment hook '/home/robot/project/ls65_ros/ls65/elite_ros_ws/install/eli_common_interface/share/eli_common_interface/hook/ld_library_path_lib.ps1'
[0.600s] INFO:colcon.colcon_core.shell:Creating environment descriptor '/home/robot/project/ls65_ros/ls65/elite_ros_ws/install/eli_common_interface/share/eli_common_interface/hook/ld_library_path_lib.dsv'
[0.600s] INFO:colcon.colcon_core.shell:Creating environment hook '/home/robot/project/ls65_ros/ls65/elite_ros_ws/install/eli_common_interface/share/eli_common_interface/hook/ld_library_path_lib.sh'
[0.600s] Level 1:colcon.colcon_core.environment:checking '/home/robot/project/ls65_ros/ls65/elite_ros_ws/install/eli_common_interface/bin'
[0.600s] Level 1:colcon.colcon_core.environment:checking '/home/robot/project/ls65_ros/ls65/elite_ros_ws/install/eli_common_interface/lib/pkgconfig/eli_common_interface.pc'
[0.601s] Level 1:colcon.colcon_core.environment:checking '/home/robot/project/ls65_ros/ls65/elite_ros_ws/install/eli_common_interface/lib/python3.10/site-packages'
[0.601s] Level 1:colcon.colcon_core.environment:checking '/home/robot/project/ls65_ros/ls65/elite_ros_ws/install/eli_common_interface/bin'
[0.601s] INFO:colcon.colcon_core.shell:Creating package script '/home/robot/project/ls65_ros/ls65/elite_ros_ws/install/eli_common_interface/share/eli_common_interface/package.ps1'
[0.601s] INFO:colcon.colcon_core.shell:Creating package descriptor '/home/robot/project/ls65_ros/ls65/elite_ros_ws/install/eli_common_interface/share/eli_common_interface/package.dsv'
[0.602s] INFO:colcon.colcon_core.shell:Creating package script '/home/robot/project/ls65_ros/ls65/elite_ros_ws/install/eli_common_interface/share/eli_common_interface/package.sh'
[0.602s] INFO:colcon.colcon_core.shell:Creating package script '/home/robot/project/ls65_ros/ls65/elite_ros_ws/install/eli_common_interface/share/eli_common_interface/package.bash'
[0.602s] INFO:colcon.colcon_core.shell:Creating package script '/home/robot/project/ls65_ros/ls65/elite_ros_ws/install/eli_common_interface/share/eli_common_interface/package.zsh'
[0.602s] Level 1:colcon.colcon_core.environment:create_file_with_runtime_dependencies(/home/robot/project/ls65_ros/ls65/elite_ros_ws/install/eli_common_interface/share/colcon-core/packages/eli_common_interface)
[0.602s] INFO:colcon.colcon_ros.task.ament_cmake.build:Building ROS package in '/home/robot/project/ls65_ros/ls65/elite_ros_ws/src/eli_cs_controllers' with build type 'ament_cmake'
[0.602s] INFO:colcon.colcon_cmake.task.cmake.build:Building CMake package in '/home/robot/project/ls65_ros/ls65/elite_ros_ws/src/eli_cs_controllers'
[0.603s] INFO:colcon.colcon_core.shell:Skip shell extension 'powershell' for command environment: Not usable outside of PowerShell
[0.603s] DEBUG:colcon.colcon_core.shell:Skip shell extension 'dsv' for command environment
[0.606s] Level 1:colcon.colcon_core.environment:create_environment_scripts_only(eli_dashboard_interface)
[0.606s] Level 1:colcon.colcon_core.environment:checking '/home/robot/project/ls65_ros/ls65/elite_ros_ws/install/eli_dashboard_interface' for CMake module files
[0.607s] DEBUG:colcon.colcon_core.event_handler.log_command:Invoked command in '/home/robot/project/ls65_ros/ls65/elite_ros_ws/build/eli_dashboard_interface' returned '0': CMAKE_PREFIX_PATH=/opt/ros/humble /usr/bin/cmake --install /home/robot/project/ls65_ros/ls65/elite_ros_ws/build/eli_dashboard_interface
[0.607s] Level 1:colcon.colcon_core.environment:checking '/home/robot/project/ls65_ros/ls65/elite_ros_ws/install/eli_dashboard_interface' for CMake config files
[0.608s] Level 1:colcon.colcon_core.shell:create_environment_hook('eli_dashboard_interface', 'cmake_prefix_path')
[0.608s] INFO:colcon.colcon_core.shell:Creating environment hook '/home/robot/project/ls65_ros/ls65/elite_ros_ws/install/eli_dashboard_interface/share/eli_dashboard_interface/hook/cmake_prefix_path.ps1'
[0.608s] INFO:colcon.colcon_core.shell:Creating environment descriptor '/home/robot/project/ls65_ros/ls65/elite_ros_ws/install/eli_dashboard_interface/share/eli_dashboard_interface/hook/cmake_prefix_path.dsv'
[0.609s] INFO:colcon.colcon_core.shell:Creating environment hook '/home/robot/project/ls65_ros/ls65/elite_ros_ws/install/eli_dashboard_interface/share/eli_dashboard_interface/hook/cmake_prefix_path.sh'
[0.609s] Level 1:colcon.colcon_core.environment:checking '/home/robot/project/ls65_ros/ls65/elite_ros_ws/install/eli_dashboard_interface/lib'
[0.609s] Level 1:colcon.colcon_core.shell:create_environment_hook('eli_dashboard_interface', 'ld_library_path_lib')
[0.610s] INFO:colcon.colcon_core.shell:Creating environment hook '/home/robot/project/ls65_ros/ls65/elite_ros_ws/install/eli_dashboard_interface/share/eli_dashboard_interface/hook/ld_library_path_lib.ps1'
[0.610s] INFO:colcon.colcon_core.shell:Creating environment descriptor '/home/robot/project/ls65_ros/ls65/elite_ros_ws/install/eli_dashboard_interface/share/eli_dashboard_interface/hook/ld_library_path_lib.dsv'
[0.610s] INFO:colcon.colcon_core.shell:Creating environment hook '/home/robot/project/ls65_ros/ls65/elite_ros_ws/install/eli_dashboard_interface/share/eli_dashboard_interface/hook/ld_library_path_lib.sh'
[0.611s] Level 1:colcon.colcon_core.environment:checking '/home/robot/project/ls65_ros/ls65/elite_ros_ws/install/eli_dashboard_interface/bin'
[0.611s] Level 1:colcon.colcon_core.environment:checking '/home/robot/project/ls65_ros/ls65/elite_ros_ws/install/eli_dashboard_interface/lib/pkgconfig/eli_dashboard_interface.pc'
[0.611s] Level 1:colcon.colcon_core.environment:checking '/home/robot/project/ls65_ros/ls65/elite_ros_ws/install/eli_dashboard_interface/lib/python3.10/site-packages'
[0.612s] Level 1:colcon.colcon_core.environment:checking '/home/robot/project/ls65_ros/ls65/elite_ros_ws/install/eli_dashboard_interface/bin'
[0.612s] INFO:colcon.colcon_core.shell:Creating package script '/home/robot/project/ls65_ros/ls65/elite_ros_ws/install/eli_dashboard_interface/share/eli_dashboard_interface/package.ps1'
[0.613s] INFO:colcon.colcon_core.shell:Creating package descriptor '/home/robot/project/ls65_ros/ls65/elite_ros_ws/install/eli_dashboard_interface/share/eli_dashboard_interface/package.dsv'
[0.613s] INFO:colcon.colcon_core.shell:Creating package script '/home/robot/project/ls65_ros/ls65/elite_ros_ws/install/eli_dashboard_interface/share/eli_dashboard_interface/package.sh'
[0.613s] INFO:colcon.colcon_core.shell:Creating package script '/home/robot/project/ls65_ros/ls65/elite_ros_ws/install/eli_dashboard_interface/share/eli_dashboard_interface/package.bash'
[0.614s] INFO:colcon.colcon_core.shell:Creating package script '/home/robot/project/ls65_ros/ls65/elite_ros_ws/install/eli_dashboard_interface/share/eli_dashboard_interface/package.zsh'
[0.614s] Level 1:colcon.colcon_core.environment:create_file_with_runtime_dependencies(/home/robot/project/ls65_ros/ls65/elite_ros_ws/install/eli_dashboard_interface/share/colcon-core/packages/eli_dashboard_interface)
[0.614s] Level 1:colcon.colcon_core.environment:create_environment_scripts_only(eli_dashboard_interface)
[0.614s] Level 1:colcon.colcon_core.environment:checking '/home/robot/project/ls65_ros/ls65/elite_ros_ws/install/eli_dashboard_interface' for CMake module files
[0.615s] Level 1:colcon.colcon_core.environment:checking '/home/robot/project/ls65_ros/ls65/elite_ros_ws/install/eli_dashboard_interface' for CMake config files
[0.615s] Level 1:colcon.colcon_core.shell:create_environment_hook('eli_dashboard_interface', 'cmake_prefix_path')
[0.615s] INFO:colcon.colcon_core.shell:Creating environment hook '/home/robot/project/ls65_ros/ls65/elite_ros_ws/install/eli_dashboard_interface/share/eli_dashboard_interface/hook/cmake_prefix_path.ps1'
[0.615s] INFO:colcon.colcon_core.shell:Creating environment descriptor '/home/robot/project/ls65_ros/ls65/elite_ros_ws/install/eli_dashboard_interface/share/eli_dashboard_interface/hook/cmake_prefix_path.dsv'
[0.615s] INFO:colcon.colcon_core.shell:Creating environment hook '/home/robot/project/ls65_ros/ls65/elite_ros_ws/install/eli_dashboard_interface/share/eli_dashboard_interface/hook/cmake_prefix_path.sh'
[0.616s] Level 1:colcon.colcon_core.environment:checking '/home/robot/project/ls65_ros/ls65/elite_ros_ws/install/eli_dashboard_interface/lib'
[0.616s] Level 1:colcon.colcon_core.shell:create_environment_hook('eli_dashboard_interface', 'ld_library_path_lib')
[0.616s] INFO:colcon.colcon_core.shell:Creating environment hook '/home/robot/project/ls65_ros/ls65/elite_ros_ws/install/eli_dashboard_interface/share/eli_dashboard_interface/hook/ld_library_path_lib.ps1'
[0.616s] INFO:colcon.colcon_core.shell:Creating environment descriptor '/home/robot/project/ls65_ros/ls65/elite_ros_ws/install/eli_dashboard_interface/share/eli_dashboard_interface/hook/ld_library_path_lib.dsv'
[0.616s] INFO:colcon.colcon_core.shell:Creating environment hook '/home/robot/project/ls65_ros/ls65/elite_ros_ws/install/eli_dashboard_interface/share/eli_dashboard_interface/hook/ld_library_path_lib.sh'
[0.616s] Level 1:colcon.colcon_core.environment:checking '/home/robot/project/ls65_ros/ls65/elite_ros_ws/install/eli_dashboard_interface/bin'
[0.616s] Level 1:colcon.colcon_core.environment:checking '/home/robot/project/ls65_ros/ls65/elite_ros_ws/install/eli_dashboard_interface/lib/pkgconfig/eli_dashboard_interface.pc'
[0.617s] Level 1:colcon.colcon_core.environment:checking '/home/robot/project/ls65_ros/ls65/elite_ros_ws/install/eli_dashboard_interface/lib/python3.10/site-packages'
[0.617s] Level 1:colcon.colcon_core.environment:checking '/home/robot/project/ls65_ros/ls65/elite_ros_ws/install/eli_dashboard_interface/bin'
[0.617s] INFO:colcon.colcon_core.shell:Creating package script '/home/robot/project/ls65_ros/ls65/elite_ros_ws/install/eli_dashboard_interface/share/eli_dashboard_interface/package.ps1'
[0.618s] INFO:colcon.colcon_core.shell:Creating package descriptor '/home/robot/project/ls65_ros/ls65/elite_ros_ws/install/eli_dashboard_interface/share/eli_dashboard_interface/package.dsv'
[0.618s] INFO:colcon.colcon_core.shell:Creating package script '/home/robot/project/ls65_ros/ls65/elite_ros_ws/install/eli_dashboard_interface/share/eli_dashboard_interface/package.sh'
[0.618s] INFO:colcon.colcon_core.shell:Creating package script '/home/robot/project/ls65_ros/ls65/elite_ros_ws/install/eli_dashboard_interface/share/eli_dashboard_interface/package.bash'
[0.619s] INFO:colcon.colcon_core.shell:Creating package script '/home/robot/project/ls65_ros/ls65/elite_ros_ws/install/eli_dashboard_interface/share/eli_dashboard_interface/package.zsh'
[0.619s] Level 1:colcon.colcon_core.environment:create_file_with_runtime_dependencies(/home/robot/project/ls65_ros/ls65/elite_ros_ws/install/eli_dashboard_interface/share/colcon-core/packages/eli_dashboard_interface)
[0.620s] INFO:colcon.colcon_ros.task.ament_cmake.build:Building ROS package in '/home/robot/project/ls65_ros/ls65/elite_ros_ws/src/eli_cs_robot_driver' with build type 'ament_cmake'
[0.620s] INFO:colcon.colcon_cmake.task.cmake.build:Building CMake package in '/home/robot/project/ls65_ros/ls65/elite_ros_ws/src/eli_cs_robot_driver'
[0.620s] INFO:colcon.colcon_core.shell:Skip shell extension 'powershell' for command environment: Not usable outside of PowerShell
[0.620s] DEBUG:colcon.colcon_core.shell:Skip shell extension 'dsv' for command environment
[0.626s] DEBUG:colcon.colcon_core.event_handler.log_command:Invoking command in '/home/robot/project/ls65_ros/ls65/elite_ros_ws/build/eli_cs_controllers': AMENT_PREFIX_PATH=/home/robot/project/ls65_ros/ls65/elite_ros_ws/install/eli_common_interface:${AMENT_PREFIX_PATH} CMAKE_PREFIX_PATH=/home/robot/project/ls65_ros/ls65/elite_ros_ws/install/eli_common_interface:/opt/ros/humble LD_LIBRARY_PATH=/home/robot/project/ls65_ros/ls65/elite_ros_ws/install/eli_common_interface/lib:${LD_LIBRARY_PATH} PYTHONPATH=/home/robot/project/ls65_ros/ls65/elite_ros_ws/install/eli_common_interface/local/lib/python3.10/dist-packages:${PYTHONPATH} /usr/bin/cmake /home/robot/project/ls65_ros/ls65/elite_ros_ws/src/eli_cs_controllers -DCMAKE_INSTALL_PREFIX=/home/robot/project/ls65_ros/ls65/elite_ros_ws/install/eli_cs_controllers
[0.630s] DEBUG:colcon.colcon_core.event_handler.log_command:Invoking command in '/home/robot/project/ls65_ros/ls65/elite_ros_ws/build/eli_cs_robot_driver': AMENT_PREFIX_PATH=/home/robot/project/ls65_ros/ls65/elite_ros_ws/install/eli_dashboard_interface:/home/robot/project/ls65_ros/ls65/elite_ros_ws/install/eli_cs_robot_description:/home/robot/project/ls65_ros/ls65/elite_ros_ws/install/eli_common_interface:${AMENT_PREFIX_PATH} CMAKE_PREFIX_PATH=/home/robot/project/ls65_ros/ls65/elite_ros_ws/install/eli_dashboard_interface:/home/robot/project/ls65_ros/ls65/elite_ros_ws/install/eli_cs_robot_description:/home/robot/project/ls65_ros/ls65/elite_ros_ws/install/eli_common_interface:/opt/ros/humble LD_LIBRARY_PATH=/home/robot/project/ls65_ros/ls65/elite_ros_ws/install/eli_dashboard_interface/lib:/home/robot/project/ls65_ros/ls65/elite_ros_ws/install/eli_common_interface/lib:${LD_LIBRARY_PATH} PYTHONPATH=/home/robot/project/ls65_ros/ls65/elite_ros_ws/install/eli_dashboard_interface/local/lib/python3.10/dist-packages:/home/robot/project/ls65_ros/ls65/elite_ros_ws/install/eli_common_interface/local/lib/python3.10/dist-packages:${PYTHONPATH} /usr/bin/cmake /home/robot/project/ls65_ros/ls65/elite_ros_ws/src/eli_cs_robot_driver -DCMAKE_INSTALL_PREFIX=/home/robot/project/ls65_ros/ls65/elite_ros_ws/install/eli_cs_robot_driver
[0.654s] Level 1:colcon.colcon_core.environment:create_environment_scripts_only(eli_cs_robot_moveit_config)
[0.655s] Level 1:colcon.colcon_core.environment:checking '/home/robot/project/ls65_ros/ls65/elite_ros_ws/install/eli_cs_robot_moveit_config' for CMake module files
[0.655s] DEBUG:colcon.colcon_core.event_handler.log_command:Invoked command in '/home/robot/project/ls65_ros/ls65/elite_ros_ws/build/eli_cs_robot_moveit_config' returned '0': AMENT_PREFIX_PATH=/home/robot/project/ls65_ros/ls65/elite_ros_ws/install/eli_cs_robot_description:${AMENT_PREFIX_PATH} CMAKE_PREFIX_PATH=/home/robot/project/ls65_ros/ls65/elite_ros_ws/install/eli_cs_robot_description:/opt/ros/humble /usr/bin/cmake --install /home/robot/project/ls65_ros/ls65/elite_ros_ws/build/eli_cs_robot_moveit_config
[0.656s] Level 1:colcon.colcon_core.environment:checking '/home/robot/project/ls65_ros/ls65/elite_ros_ws/install/eli_cs_robot_moveit_config' for CMake config files
[0.656s] Level 1:colcon.colcon_core.shell:create_environment_hook('eli_cs_robot_moveit_config', 'cmake_prefix_path')
[0.656s] INFO:colcon.colcon_core.shell:Creating environment hook '/home/robot/project/ls65_ros/ls65/elite_ros_ws/install/eli_cs_robot_moveit_config/share/eli_cs_robot_moveit_config/hook/cmake_prefix_path.ps1'
[0.657s] INFO:colcon.colcon_core.shell:Creating environment descriptor '/home/robot/project/ls65_ros/ls65/elite_ros_ws/install/eli_cs_robot_moveit_config/share/eli_cs_robot_moveit_config/hook/cmake_prefix_path.dsv'
[0.657s] INFO:colcon.colcon_core.shell:Creating environment hook '/home/robot/project/ls65_ros/ls65/elite_ros_ws/install/eli_cs_robot_moveit_config/share/eli_cs_robot_moveit_config/hook/cmake_prefix_path.sh'
[0.658s] Level 1:colcon.colcon_core.environment:checking '/home/robot/project/ls65_ros/ls65/elite_ros_ws/install/eli_cs_robot_moveit_config/bin'
[0.658s] Level 1:colcon.colcon_core.environment:checking '/home/robot/project/ls65_ros/ls65/elite_ros_ws/install/eli_cs_robot_moveit_config/lib/pkgconfig/eli_cs_robot_moveit_config.pc'
[0.658s] Level 1:colcon.colcon_core.environment:checking '/home/robot/project/ls65_ros/ls65/elite_ros_ws/install/eli_cs_robot_moveit_config/lib/python3.10/site-packages'
[0.659s] Level 1:colcon.colcon_core.environment:checking '/home/robot/project/ls65_ros/ls65/elite_ros_ws/install/eli_cs_robot_moveit_config/bin'
[0.659s] INFO:colcon.colcon_core.shell:Creating package script '/home/robot/project/ls65_ros/ls65/elite_ros_ws/install/eli_cs_robot_moveit_config/share/eli_cs_robot_moveit_config/package.ps1'
[0.660s] INFO:colcon.colcon_core.shell:Creating package descriptor '/home/robot/project/ls65_ros/ls65/elite_ros_ws/install/eli_cs_robot_moveit_config/share/eli_cs_robot_moveit_config/package.dsv'
[0.660s] INFO:colcon.colcon_core.shell:Creating package script '/home/robot/project/ls65_ros/ls65/elite_ros_ws/install/eli_cs_robot_moveit_config/share/eli_cs_robot_moveit_config/package.sh'
[0.661s] INFO:colcon.colcon_core.shell:Creating package script '/home/robot/project/ls65_ros/ls65/elite_ros_ws/install/eli_cs_robot_moveit_config/share/eli_cs_robot_moveit_config/package.bash'
[0.661s] INFO:colcon.colcon_core.shell:Creating package script '/home/robot/project/ls65_ros/ls65/elite_ros_ws/install/eli_cs_robot_moveit_config/share/eli_cs_robot_moveit_config/package.zsh'
[0.661s] Level 1:colcon.colcon_core.environment:create_file_with_runtime_dependencies(/home/robot/project/ls65_ros/ls65/elite_ros_ws/install/eli_cs_robot_moveit_config/share/colcon-core/packages/eli_cs_robot_moveit_config)
[0.662s] Level 1:colcon.colcon_core.environment:create_environment_scripts_only(eli_cs_robot_moveit_config)
[0.662s] Level 1:colcon.colcon_core.environment:checking '/home/robot/project/ls65_ros/ls65/elite_ros_ws/install/eli_cs_robot_moveit_config' for CMake module files
[0.663s] Level 1:colcon.colcon_core.environment:checking '/home/robot/project/ls65_ros/ls65/elite_ros_ws/install/eli_cs_robot_moveit_config' for CMake config files
[0.663s] Level 1:colcon.colcon_core.shell:create_environment_hook('eli_cs_robot_moveit_config', 'cmake_prefix_path')
[0.663s] INFO:colcon.colcon_core.shell:Creating environment hook '/home/robot/project/ls65_ros/ls65/elite_ros_ws/install/eli_cs_robot_moveit_config/share/eli_cs_robot_moveit_config/hook/cmake_prefix_path.ps1'
[0.664s] INFO:colcon.colcon_core.shell:Creating environment descriptor '/home/robot/project/ls65_ros/ls65/elite_ros_ws/install/eli_cs_robot_moveit_config/share/eli_cs_robot_moveit_config/hook/cmake_prefix_path.dsv'
[0.664s] INFO:colcon.colcon_core.shell:Creating environment hook '/home/robot/project/ls65_ros/ls65/elite_ros_ws/install/eli_cs_robot_moveit_config/share/eli_cs_robot_moveit_config/hook/cmake_prefix_path.sh'
[0.665s] Level 1:colcon.colcon_core.environment:checking '/home/robot/project/ls65_ros/ls65/elite_ros_ws/install/eli_cs_robot_moveit_config/bin'
[0.665s] Level 1:colcon.colcon_core.environment:checking '/home/robot/project/ls65_ros/ls65/elite_ros_ws/install/eli_cs_robot_moveit_config/lib/pkgconfig/eli_cs_robot_moveit_config.pc'
[0.665s] Level 1:colcon.colcon_core.environment:checking '/home/robot/project/ls65_ros/ls65/elite_ros_ws/install/eli_cs_robot_moveit_config/lib/python3.10/site-packages'
[0.666s] Level 1:colcon.colcon_core.environment:checking '/home/robot/project/ls65_ros/ls65/elite_ros_ws/install/eli_cs_robot_moveit_config/bin'
[0.666s] INFO:colcon.colcon_core.shell:Creating package script '/home/robot/project/ls65_ros/ls65/elite_ros_ws/install/eli_cs_robot_moveit_config/share/eli_cs_robot_moveit_config/package.ps1'
[0.667s] INFO:colcon.colcon_core.shell:Creating package descriptor '/home/robot/project/ls65_ros/ls65/elite_ros_ws/install/eli_cs_robot_moveit_config/share/eli_cs_robot_moveit_config/package.dsv'
[0.667s] INFO:colcon.colcon_core.shell:Creating package script '/home/robot/project/ls65_ros/ls65/elite_ros_ws/install/eli_cs_robot_moveit_config/share/eli_cs_robot_moveit_config/package.sh'
[0.668s] INFO:colcon.colcon_core.shell:Creating package script '/home/robot/project/ls65_ros/ls65/elite_ros_ws/install/eli_cs_robot_moveit_config/share/eli_cs_robot_moveit_config/package.bash'
[0.668s] INFO:colcon.colcon_core.shell:Creating package script '/home/robot/project/ls65_ros/ls65/elite_ros_ws/install/eli_cs_robot_moveit_config/share/eli_cs_robot_moveit_config/package.zsh'
[0.669s] Level 1:colcon.colcon_core.environment:create_file_with_runtime_dependencies(/home/robot/project/ls65_ros/ls65/elite_ros_ws/install/eli_cs_robot_moveit_config/share/colcon-core/packages/eli_cs_robot_moveit_config)
[0.715s] DEBUG:colcon.colcon_core.event_handler.log_command:Invoked command in '/home/robot/project/ls65_ros/ls65/elite_ros_ws/build/eli_cs_robot_calibration' returned '0': CMAKE_PREFIX_PATH=/opt/ros/humble /usr/bin/cmake /home/robot/project/ls65_ros/ls65/elite_ros_ws/src/eli_cs_robot_calibration -DCMAKE_INSTALL_PREFIX=/home/robot/project/ls65_ros/ls65/elite_ros_ws/install/eli_cs_robot_calibration
[0.716s] DEBUG:colcon.colcon_core.event_handler.log_command:Invoking command in '/home/robot/project/ls65_ros/ls65/elite_ros_ws/build/eli_cs_robot_calibration': CMAKE_PREFIX_PATH=/opt/ros/humble /usr/bin/cmake --build /home/robot/project/ls65_ros/ls65/elite_ros_ws/build/eli_cs_robot_calibration -- -j16 -l16
[1.955s] DEBUG:colcon.colcon_core.event_handler.log_command:Invoked command in '/home/robot/project/ls65_ros/ls65/elite_ros_ws/build/eli_cs_controllers' returned '0': AMENT_PREFIX_PATH=/home/robot/project/ls65_ros/ls65/elite_ros_ws/install/eli_common_interface:${AMENT_PREFIX_PATH} CMAKE_PREFIX_PATH=/home/robot/project/ls65_ros/ls65/elite_ros_ws/install/eli_common_interface:/opt/ros/humble LD_LIBRARY_PATH=/home/robot/project/ls65_ros/ls65/elite_ros_ws/install/eli_common_interface/lib:${LD_LIBRARY_PATH} PYTHONPATH=/home/robot/project/ls65_ros/ls65/elite_ros_ws/install/eli_common_interface/local/lib/python3.10/dist-packages:${PYTHONPATH} /usr/bin/cmake /home/robot/project/ls65_ros/ls65/elite_ros_ws/src/eli_cs_controllers -DCMAKE_INSTALL_PREFIX=/home/robot/project/ls65_ros/ls65/elite_ros_ws/install/eli_cs_controllers
[1.957s] DEBUG:colcon.colcon_core.event_handler.log_command:Invoking command in '/home/robot/project/ls65_ros/ls65/elite_ros_ws/build/eli_cs_controllers': AMENT_PREFIX_PATH=/home/robot/project/ls65_ros/ls65/elite_ros_ws/install/eli_common_interface:${AMENT_PREFIX_PATH} CMAKE_PREFIX_PATH=/home/robot/project/ls65_ros/ls65/elite_ros_ws/install/eli_common_interface:/opt/ros/humble LD_LIBRARY_PATH=/home/robot/project/ls65_ros/ls65/elite_ros_ws/install/eli_common_interface/lib:${LD_LIBRARY_PATH} PYTHONPATH=/home/robot/project/ls65_ros/ls65/elite_ros_ws/install/eli_common_interface/local/lib/python3.10/dist-packages:${PYTHONPATH} /usr/bin/cmake --build /home/robot/project/ls65_ros/ls65/elite_ros_ws/build/eli_cs_controllers -- -j16 -l16
[2.115s] DEBUG:colcon.colcon_core.event_handler.log_command:Invoked command in '/home/robot/project/ls65_ros/ls65/elite_ros_ws/build/eli_cs_robot_driver' returned '0': AMENT_PREFIX_PATH=/home/robot/project/ls65_ros/ls65/elite_ros_ws/install/eli_dashboard_interface:/home/robot/project/ls65_ros/ls65/elite_ros_ws/install/eli_cs_robot_description:/home/robot/project/ls65_ros/ls65/elite_ros_ws/install/eli_common_interface:${AMENT_PREFIX_PATH} CMAKE_PREFIX_PATH=/home/robot/project/ls65_ros/ls65/elite_ros_ws/install/eli_dashboard_interface:/home/robot/project/ls65_ros/ls65/elite_ros_ws/install/eli_cs_robot_description:/home/robot/project/ls65_ros/ls65/elite_ros_ws/install/eli_common_interface:/opt/ros/humble LD_LIBRARY_PATH=/home/robot/project/ls65_ros/ls65/elite_ros_ws/install/eli_dashboard_interface/lib:/home/robot/project/ls65_ros/ls65/elite_ros_ws/install/eli_common_interface/lib:${LD_LIBRARY_PATH} PYTHONPATH=/home/robot/project/ls65_ros/ls65/elite_ros_ws/install/eli_dashboard_interface/local/lib/python3.10/dist-packages:/home/robot/project/ls65_ros/ls65/elite_ros_ws/install/eli_common_interface/local/lib/python3.10/dist-packages:${PYTHONPATH} /usr/bin/cmake /home/robot/project/ls65_ros/ls65/elite_ros_ws/src/eli_cs_robot_driver -DCMAKE_INSTALL_PREFIX=/home/robot/project/ls65_ros/ls65/elite_ros_ws/install/eli_cs_robot_driver
[2.117s] DEBUG:colcon.colcon_core.event_handler.log_command:Invoking command in '/home/robot/project/ls65_ros/ls65/elite_ros_ws/build/eli_cs_robot_driver': AMENT_PREFIX_PATH=/home/robot/project/ls65_ros/ls65/elite_ros_ws/install/eli_dashboard_interface:/home/robot/project/ls65_ros/ls65/elite_ros_ws/install/eli_cs_robot_description:/home/robot/project/ls65_ros/ls65/elite_ros_ws/install/eli_common_interface:${AMENT_PREFIX_PATH} CMAKE_PREFIX_PATH=/home/robot/project/ls65_ros/ls65/elite_ros_ws/install/eli_dashboard_interface:/home/robot/project/ls65_ros/ls65/elite_ros_ws/install/eli_cs_robot_description:/home/robot/project/ls65_ros/ls65/elite_ros_ws/install/eli_common_interface:/opt/ros/humble LD_LIBRARY_PATH=/home/robot/project/ls65_ros/ls65/elite_ros_ws/install/eli_dashboard_interface/lib:/home/robot/project/ls65_ros/ls65/elite_ros_ws/install/eli_common_interface/lib:${LD_LIBRARY_PATH} PYTHONPATH=/home/robot/project/ls65_ros/ls65/elite_ros_ws/install/eli_dashboard_interface/local/lib/python3.10/dist-packages:/home/robot/project/ls65_ros/ls65/elite_ros_ws/install/eli_common_interface/local/lib/python3.10/dist-packages:${PYTHONPATH} /usr/bin/cmake --build /home/robot/project/ls65_ros/ls65/elite_ros_ws/build/eli_cs_robot_driver -- -j16 -l16
[12.385s] DEBUG:colcon.colcon_core.event_handler.log_command:Invoked command in '/home/robot/project/ls65_ros/ls65/elite_ros_ws/build/eli_cs_robot_calibration' returned '0': CMAKE_PREFIX_PATH=/opt/ros/humble /usr/bin/cmake --build /home/robot/project/ls65_ros/ls65/elite_ros_ws/build/eli_cs_robot_calibration -- -j16 -l16
[12.387s] DEBUG:colcon.colcon_core.event_handler.log_command:Invoking command in '/home/robot/project/ls65_ros/ls65/elite_ros_ws/build/eli_cs_robot_calibration': CMAKE_PREFIX_PATH=/opt/ros/humble /usr/bin/cmake --install /home/robot/project/ls65_ros/ls65/elite_ros_ws/build/eli_cs_robot_calibration
[12.402s] Level 1:colcon.colcon_core.environment:create_environment_scripts_only(eli_cs_robot_calibration)
[12.403s] Level 1:colcon.colcon_core.environment:checking '/home/robot/project/ls65_ros/ls65/elite_ros_ws/install/eli_cs_robot_calibration' for CMake module files
[12.404s] DEBUG:colcon.colcon_core.event_handler.log_command:Invoked command in '/home/robot/project/ls65_ros/ls65/elite_ros_ws/build/eli_cs_robot_calibration' returned '0': CMAKE_PREFIX_PATH=/opt/ros/humble /usr/bin/cmake --install /home/robot/project/ls65_ros/ls65/elite_ros_ws/build/eli_cs_robot_calibration
[12.404s] Level 1:colcon.colcon_core.environment:checking '/home/robot/project/ls65_ros/ls65/elite_ros_ws/install/eli_cs_robot_calibration' for CMake config files
[12.404s] Level 1:colcon.colcon_core.shell:create_environment_hook('eli_cs_robot_calibration', 'cmake_prefix_path')
[12.405s] INFO:colcon.colcon_core.shell:Creating environment hook '/home/robot/project/ls65_ros/ls65/elite_ros_ws/install/eli_cs_robot_calibration/share/eli_cs_robot_calibration/hook/cmake_prefix_path.ps1'
[12.405s] INFO:colcon.colcon_core.shell:Creating environment descriptor '/home/robot/project/ls65_ros/ls65/elite_ros_ws/install/eli_cs_robot_calibration/share/eli_cs_robot_calibration/hook/cmake_prefix_path.dsv'
[12.406s] INFO:colcon.colcon_core.shell:Creating environment hook '/home/robot/project/ls65_ros/ls65/elite_ros_ws/install/eli_cs_robot_calibration/share/eli_cs_robot_calibration/hook/cmake_prefix_path.sh'
[12.406s] Level 1:colcon.colcon_core.environment:checking '/home/robot/project/ls65_ros/ls65/elite_ros_ws/install/eli_cs_robot_calibration/lib'
[12.407s] Level 1:colcon.colcon_core.environment:checking '/home/robot/project/ls65_ros/ls65/elite_ros_ws/install/eli_cs_robot_calibration/bin'
[12.407s] Level 1:colcon.colcon_core.environment:checking '/home/robot/project/ls65_ros/ls65/elite_ros_ws/install/eli_cs_robot_calibration/lib/pkgconfig/eli_cs_robot_calibration.pc'
[12.407s] Level 1:colcon.colcon_core.environment:checking '/home/robot/project/ls65_ros/ls65/elite_ros_ws/install/eli_cs_robot_calibration/lib/python3.10/site-packages'
[12.407s] Level 1:colcon.colcon_core.environment:checking '/home/robot/project/ls65_ros/ls65/elite_ros_ws/install/eli_cs_robot_calibration/bin'
[12.408s] INFO:colcon.colcon_core.shell:Creating package script '/home/robot/project/ls65_ros/ls65/elite_ros_ws/install/eli_cs_robot_calibration/share/eli_cs_robot_calibration/package.ps1'
[12.409s] INFO:colcon.colcon_core.shell:Creating package descriptor '/home/robot/project/ls65_ros/ls65/elite_ros_ws/install/eli_cs_robot_calibration/share/eli_cs_robot_calibration/package.dsv'
[12.409s] INFO:colcon.colcon_core.shell:Creating package script '/home/robot/project/ls65_ros/ls65/elite_ros_ws/install/eli_cs_robot_calibration/share/eli_cs_robot_calibration/package.sh'
[12.410s] INFO:colcon.colcon_core.shell:Creating package script '/home/robot/project/ls65_ros/ls65/elite_ros_ws/install/eli_cs_robot_calibration/share/eli_cs_robot_calibration/package.bash'
[12.410s] INFO:colcon.colcon_core.shell:Creating package script '/home/robot/project/ls65_ros/ls65/elite_ros_ws/install/eli_cs_robot_calibration/share/eli_cs_robot_calibration/package.zsh'
[12.411s] Level 1:colcon.colcon_core.environment:create_file_with_runtime_dependencies(/home/robot/project/ls65_ros/ls65/elite_ros_ws/install/eli_cs_robot_calibration/share/colcon-core/packages/eli_cs_robot_calibration)
[12.411s] Level 1:colcon.colcon_core.environment:create_environment_scripts_only(eli_cs_robot_calibration)
[12.411s] Level 1:colcon.colcon_core.environment:checking '/home/robot/project/ls65_ros/ls65/elite_ros_ws/install/eli_cs_robot_calibration' for CMake module files
[12.412s] Level 1:colcon.colcon_core.environment:checking '/home/robot/project/ls65_ros/ls65/elite_ros_ws/install/eli_cs_robot_calibration' for CMake config files
[12.412s] Level 1:colcon.colcon_core.shell:create_environment_hook('eli_cs_robot_calibration', 'cmake_prefix_path')
[12.412s] INFO:colcon.colcon_core.shell:Creating environment hook '/home/robot/project/ls65_ros/ls65/elite_ros_ws/install/eli_cs_robot_calibration/share/eli_cs_robot_calibration/hook/cmake_prefix_path.ps1'
[12.412s] INFO:colcon.colcon_core.shell:Creating environment descriptor '/home/robot/project/ls65_ros/ls65/elite_ros_ws/install/eli_cs_robot_calibration/share/eli_cs_robot_calibration/hook/cmake_prefix_path.dsv'
[12.413s] INFO:colcon.colcon_core.shell:Creating environment hook '/home/robot/project/ls65_ros/ls65/elite_ros_ws/install/eli_cs_robot_calibration/share/eli_cs_robot_calibration/hook/cmake_prefix_path.sh'
[12.413s] Level 1:colcon.colcon_core.environment:checking '/home/robot/project/ls65_ros/ls65/elite_ros_ws/install/eli_cs_robot_calibration/lib'
[12.413s] Level 1:colcon.colcon_core.environment:checking '/home/robot/project/ls65_ros/ls65/elite_ros_ws/install/eli_cs_robot_calibration/bin'
[12.413s] Level 1:colcon.colcon_core.environment:checking '/home/robot/project/ls65_ros/ls65/elite_ros_ws/install/eli_cs_robot_calibration/lib/pkgconfig/eli_cs_robot_calibration.pc'
[12.413s] Level 1:colcon.colcon_core.environment:checking '/home/robot/project/ls65_ros/ls65/elite_ros_ws/install/eli_cs_robot_calibration/lib/python3.10/site-packages'
[12.414s] Level 1:colcon.colcon_core.environment:checking '/home/robot/project/ls65_ros/ls65/elite_ros_ws/install/eli_cs_robot_calibration/bin'
[12.414s] INFO:colcon.colcon_core.shell:Creating package script '/home/robot/project/ls65_ros/ls65/elite_ros_ws/install/eli_cs_robot_calibration/share/eli_cs_robot_calibration/package.ps1'
[12.414s] INFO:colcon.colcon_core.shell:Creating package descriptor '/home/robot/project/ls65_ros/ls65/elite_ros_ws/install/eli_cs_robot_calibration/share/eli_cs_robot_calibration/package.dsv'
[12.415s] INFO:colcon.colcon_core.shell:Creating package script '/home/robot/project/ls65_ros/ls65/elite_ros_ws/install/eli_cs_robot_calibration/share/eli_cs_robot_calibration/package.sh'
[12.415s] INFO:colcon.colcon_core.shell:Creating package script '/home/robot/project/ls65_ros/ls65/elite_ros_ws/install/eli_cs_robot_calibration/share/eli_cs_robot_calibration/package.bash'
[12.415s] INFO:colcon.colcon_core.shell:Creating package script '/home/robot/project/ls65_ros/ls65/elite_ros_ws/install/eli_cs_robot_calibration/share/eli_cs_robot_calibration/package.zsh'
[12.416s] Level 1:colcon.colcon_core.environment:create_file_with_runtime_dependencies(/home/robot/project/ls65_ros/ls65/elite_ros_ws/install/eli_cs_robot_calibration/share/colcon-core/packages/eli_cs_robot_calibration)
[14.100s] DEBUG:colcon.colcon_core.event_handler.log_command:Invoked command in '/home/robot/project/ls65_ros/ls65/elite_ros_ws/build/eli_cs_controllers' returned '0': AMENT_PREFIX_PATH=/home/robot/project/ls65_ros/ls65/elite_ros_ws/install/eli_common_interface:${AMENT_PREFIX_PATH} CMAKE_PREFIX_PATH=/home/robot/project/ls65_ros/ls65/elite_ros_ws/install/eli_common_interface:/opt/ros/humble LD_LIBRARY_PATH=/home/robot/project/ls65_ros/ls65/elite_ros_ws/install/eli_common_interface/lib:${LD_LIBRARY_PATH} PYTHONPATH=/home/robot/project/ls65_ros/ls65/elite_ros_ws/install/eli_common_interface/local/lib/python3.10/dist-packages:${PYTHONPATH} /usr/bin/cmake --build /home/robot/project/ls65_ros/ls65/elite_ros_ws/build/eli_cs_controllers -- -j16 -l16
[14.102s] DEBUG:colcon.colcon_core.event_handler.log_command:Invoking command in '/home/robot/project/ls65_ros/ls65/elite_ros_ws/build/eli_cs_controllers': AMENT_PREFIX_PATH=/home/robot/project/ls65_ros/ls65/elite_ros_ws/install/eli_common_interface:${AMENT_PREFIX_PATH} CMAKE_PREFIX_PATH=/home/robot/project/ls65_ros/ls65/elite_ros_ws/install/eli_common_interface:/opt/ros/humble LD_LIBRARY_PATH=/home/robot/project/ls65_ros/ls65/elite_ros_ws/install/eli_common_interface/lib:${LD_LIBRARY_PATH} PYTHONPATH=/home/robot/project/ls65_ros/ls65/elite_ros_ws/install/eli_common_interface/local/lib/python3.10/dist-packages:${PYTHONPATH} /usr/bin/cmake --install /home/robot/project/ls65_ros/ls65/elite_ros_ws/build/eli_cs_controllers
[14.116s] Level 1:colcon.colcon_core.environment:create_environment_scripts_only(eli_cs_controllers)
[14.117s] Level 1:colcon.colcon_core.environment:checking '/home/robot/project/ls65_ros/ls65/elite_ros_ws/install/eli_cs_controllers' for CMake module files
[14.117s] DEBUG:colcon.colcon_core.event_handler.log_command:Invoked command in '/home/robot/project/ls65_ros/ls65/elite_ros_ws/build/eli_cs_controllers' returned '0': AMENT_PREFIX_PATH=/home/robot/project/ls65_ros/ls65/elite_ros_ws/install/eli_common_interface:${AMENT_PREFIX_PATH} CMAKE_PREFIX_PATH=/home/robot/project/ls65_ros/ls65/elite_ros_ws/install/eli_common_interface:/opt/ros/humble LD_LIBRARY_PATH=/home/robot/project/ls65_ros/ls65/elite_ros_ws/install/eli_common_interface/lib:${LD_LIBRARY_PATH} PYTHONPATH=/home/robot/project/ls65_ros/ls65/elite_ros_ws/install/eli_common_interface/local/lib/python3.10/dist-packages:${PYTHONPATH} /usr/bin/cmake --install /home/robot/project/ls65_ros/ls65/elite_ros_ws/build/eli_cs_controllers
[14.117s] Level 1:colcon.colcon_core.environment:checking '/home/robot/project/ls65_ros/ls65/elite_ros_ws/install/eli_cs_controllers' for CMake config files
[14.117s] Level 1:colcon.colcon_core.shell:create_environment_hook('eli_cs_controllers', 'cmake_prefix_path')
[14.117s] INFO:colcon.colcon_core.shell:Creating environment hook '/home/robot/project/ls65_ros/ls65/elite_ros_ws/install/eli_cs_controllers/share/eli_cs_controllers/hook/cmake_prefix_path.ps1'
[14.118s] INFO:colcon.colcon_core.shell:Creating environment descriptor '/home/robot/project/ls65_ros/ls65/elite_ros_ws/install/eli_cs_controllers/share/eli_cs_controllers/hook/cmake_prefix_path.dsv'
[14.118s] INFO:colcon.colcon_core.shell:Creating environment hook '/home/robot/project/ls65_ros/ls65/elite_ros_ws/install/eli_cs_controllers/share/eli_cs_controllers/hook/cmake_prefix_path.sh'
[14.118s] Level 1:colcon.colcon_core.environment:checking '/home/robot/project/ls65_ros/ls65/elite_ros_ws/install/eli_cs_controllers/lib'
[14.118s] Level 1:colcon.colcon_core.shell:create_environment_hook('eli_cs_controllers', 'ld_library_path_lib')
[14.118s] INFO:colcon.colcon_core.shell:Creating environment hook '/home/robot/project/ls65_ros/ls65/elite_ros_ws/install/eli_cs_controllers/share/eli_cs_controllers/hook/ld_library_path_lib.ps1'
[14.119s] INFO:colcon.colcon_core.shell:Creating environment descriptor '/home/robot/project/ls65_ros/ls65/elite_ros_ws/install/eli_cs_controllers/share/eli_cs_controllers/hook/ld_library_path_lib.dsv'
[14.119s] INFO:colcon.colcon_core.shell:Creating environment hook '/home/robot/project/ls65_ros/ls65/elite_ros_ws/install/eli_cs_controllers/share/eli_cs_controllers/hook/ld_library_path_lib.sh'
[14.119s] Level 1:colcon.colcon_core.environment:checking '/home/robot/project/ls65_ros/ls65/elite_ros_ws/install/eli_cs_controllers/bin'
[14.119s] Level 1:colcon.colcon_core.environment:checking '/home/robot/project/ls65_ros/ls65/elite_ros_ws/install/eli_cs_controllers/lib/pkgconfig/eli_cs_controllers.pc'
[14.119s] Level 1:colcon.colcon_core.environment:checking '/home/robot/project/ls65_ros/ls65/elite_ros_ws/install/eli_cs_controllers/lib/python3.10/site-packages'
[14.119s] Level 1:colcon.colcon_core.environment:checking '/home/robot/project/ls65_ros/ls65/elite_ros_ws/install/eli_cs_controllers/bin'
[14.120s] INFO:colcon.colcon_core.shell:Creating package script '/home/robot/project/ls65_ros/ls65/elite_ros_ws/install/eli_cs_controllers/share/eli_cs_controllers/package.ps1'
[14.120s] INFO:colcon.colcon_core.shell:Creating package descriptor '/home/robot/project/ls65_ros/ls65/elite_ros_ws/install/eli_cs_controllers/share/eli_cs_controllers/package.dsv'
[14.120s] INFO:colcon.colcon_core.shell:Creating package script '/home/robot/project/ls65_ros/ls65/elite_ros_ws/install/eli_cs_controllers/share/eli_cs_controllers/package.sh'
[14.120s] INFO:colcon.colcon_core.shell:Creating package script '/home/robot/project/ls65_ros/ls65/elite_ros_ws/install/eli_cs_controllers/share/eli_cs_controllers/package.bash'
[14.121s] INFO:colcon.colcon_core.shell:Creating package script '/home/robot/project/ls65_ros/ls65/elite_ros_ws/install/eli_cs_controllers/share/eli_cs_controllers/package.zsh'
[14.121s] Level 1:colcon.colcon_core.environment:create_file_with_runtime_dependencies(/home/robot/project/ls65_ros/ls65/elite_ros_ws/install/eli_cs_controllers/share/colcon-core/packages/eli_cs_controllers)
[14.121s] Level 1:colcon.colcon_core.environment:create_environment_scripts_only(eli_cs_controllers)
[14.121s] Level 1:colcon.colcon_core.environment:checking '/home/robot/project/ls65_ros/ls65/elite_ros_ws/install/eli_cs_controllers' for CMake module files
[14.121s] Level 1:colcon.colcon_core.environment:checking '/home/robot/project/ls65_ros/ls65/elite_ros_ws/install/eli_cs_controllers' for CMake config files
[14.122s] Level 1:colcon.colcon_core.shell:create_environment_hook('eli_cs_controllers', 'cmake_prefix_path')
[14.122s] INFO:colcon.colcon_core.shell:Creating environment hook '/home/robot/project/ls65_ros/ls65/elite_ros_ws/install/eli_cs_controllers/share/eli_cs_controllers/hook/cmake_prefix_path.ps1'
[14.122s] INFO:colcon.colcon_core.shell:Creating environment descriptor '/home/robot/project/ls65_ros/ls65/elite_ros_ws/install/eli_cs_controllers/share/eli_cs_controllers/hook/cmake_prefix_path.dsv'
[14.122s] INFO:colcon.colcon_core.shell:Creating environment hook '/home/robot/project/ls65_ros/ls65/elite_ros_ws/install/eli_cs_controllers/share/eli_cs_controllers/hook/cmake_prefix_path.sh'
[14.122s] Level 1:colcon.colcon_core.environment:checking '/home/robot/project/ls65_ros/ls65/elite_ros_ws/install/eli_cs_controllers/lib'
[14.122s] Level 1:colcon.colcon_core.shell:create_environment_hook('eli_cs_controllers', 'ld_library_path_lib')
[14.122s] INFO:colcon.colcon_core.shell:Creating environment hook '/home/robot/project/ls65_ros/ls65/elite_ros_ws/install/eli_cs_controllers/share/eli_cs_controllers/hook/ld_library_path_lib.ps1'
[14.123s] INFO:colcon.colcon_core.shell:Creating environment descriptor '/home/robot/project/ls65_ros/ls65/elite_ros_ws/install/eli_cs_controllers/share/eli_cs_controllers/hook/ld_library_path_lib.dsv'
[14.123s] INFO:colcon.colcon_core.shell:Creating environment hook '/home/robot/project/ls65_ros/ls65/elite_ros_ws/install/eli_cs_controllers/share/eli_cs_controllers/hook/ld_library_path_lib.sh'
[14.123s] Level 1:colcon.colcon_core.environment:checking '/home/robot/project/ls65_ros/ls65/elite_ros_ws/install/eli_cs_controllers/bin'
[14.123s] Level 1:colcon.colcon_core.environment:checking '/home/robot/project/ls65_ros/ls65/elite_ros_ws/install/eli_cs_controllers/lib/pkgconfig/eli_cs_controllers.pc'
[14.123s] Level 1:colcon.colcon_core.environment:checking '/home/robot/project/ls65_ros/ls65/elite_ros_ws/install/eli_cs_controllers/lib/python3.10/site-packages'
[14.123s] Level 1:colcon.colcon_core.environment:checking '/home/robot/project/ls65_ros/ls65/elite_ros_ws/install/eli_cs_controllers/bin'
[14.124s] INFO:colcon.colcon_core.shell:Creating package script '/home/robot/project/ls65_ros/ls65/elite_ros_ws/install/eli_cs_controllers/share/eli_cs_controllers/package.ps1'
[14.124s] INFO:colcon.colcon_core.shell:Creating package descriptor '/home/robot/project/ls65_ros/ls65/elite_ros_ws/install/eli_cs_controllers/share/eli_cs_controllers/package.dsv'
[14.124s] INFO:colcon.colcon_core.shell:Creating package script '/home/robot/project/ls65_ros/ls65/elite_ros_ws/install/eli_cs_controllers/share/eli_cs_controllers/package.sh'
[14.125s] INFO:colcon.colcon_core.shell:Creating package script '/home/robot/project/ls65_ros/ls65/elite_ros_ws/install/eli_cs_controllers/share/eli_cs_controllers/package.bash'
[14.125s] INFO:colcon.colcon_core.shell:Creating package script '/home/robot/project/ls65_ros/ls65/elite_ros_ws/install/eli_cs_controllers/share/eli_cs_controllers/package.zsh'
[14.125s] Level 1:colcon.colcon_core.environment:create_file_with_runtime_dependencies(/home/robot/project/ls65_ros/ls65/elite_ros_ws/install/eli_cs_controllers/share/colcon-core/packages/eli_cs_controllers)
[15.545s] DEBUG:colcon.colcon_core.event_handler.log_command:Invoked command in '/home/robot/project/ls65_ros/ls65/elite_ros_ws/build/eli_cs_robot_driver' returned '0': AMENT_PREFIX_PATH=/home/robot/project/ls65_ros/ls65/elite_ros_ws/install/eli_dashboard_interface:/home/robot/project/ls65_ros/ls65/elite_ros_ws/install/eli_cs_robot_description:/home/robot/project/ls65_ros/ls65/elite_ros_ws/install/eli_common_interface:${AMENT_PREFIX_PATH} CMAKE_PREFIX_PATH=/home/robot/project/ls65_ros/ls65/elite_ros_ws/install/eli_dashboard_interface:/home/robot/project/ls65_ros/ls65/elite_ros_ws/install/eli_cs_robot_description:/home/robot/project/ls65_ros/ls65/elite_ros_ws/install/eli_common_interface:/opt/ros/humble LD_LIBRARY_PATH=/home/robot/project/ls65_ros/ls65/elite_ros_ws/install/eli_dashboard_interface/lib:/home/robot/project/ls65_ros/ls65/elite_ros_ws/install/eli_common_interface/lib:${LD_LIBRARY_PATH} PYTHONPATH=/home/robot/project/ls65_ros/ls65/elite_ros_ws/install/eli_dashboard_interface/local/lib/python3.10/dist-packages:/home/robot/project/ls65_ros/ls65/elite_ros_ws/install/eli_common_interface/local/lib/python3.10/dist-packages:${PYTHONPATH} /usr/bin/cmake --build /home/robot/project/ls65_ros/ls65/elite_ros_ws/build/eli_cs_robot_driver -- -j16 -l16
[15.546s] DEBUG:colcon.colcon_core.event_handler.log_command:Invoking command in '/home/robot/project/ls65_ros/ls65/elite_ros_ws/build/eli_cs_robot_driver': AMENT_PREFIX_PATH=/home/robot/project/ls65_ros/ls65/elite_ros_ws/install/eli_dashboard_interface:/home/robot/project/ls65_ros/ls65/elite_ros_ws/install/eli_cs_robot_description:/home/robot/project/ls65_ros/ls65/elite_ros_ws/install/eli_common_interface:${AMENT_PREFIX_PATH} CMAKE_PREFIX_PATH=/home/robot/project/ls65_ros/ls65/elite_ros_ws/install/eli_dashboard_interface:/home/robot/project/ls65_ros/ls65/elite_ros_ws/install/eli_cs_robot_description:/home/robot/project/ls65_ros/ls65/elite_ros_ws/install/eli_common_interface:/opt/ros/humble LD_LIBRARY_PATH=/home/robot/project/ls65_ros/ls65/elite_ros_ws/install/eli_dashboard_interface/lib:/home/robot/project/ls65_ros/ls65/elite_ros_ws/install/eli_common_interface/lib:${LD_LIBRARY_PATH} PYTHONPATH=/home/robot/project/ls65_ros/ls65/elite_ros_ws/install/eli_dashboard_interface/local/lib/python3.10/dist-packages:/home/robot/project/ls65_ros/ls65/elite_ros_ws/install/eli_common_interface/local/lib/python3.10/dist-packages:${PYTHONPATH} /usr/bin/cmake --install /home/robot/project/ls65_ros/ls65/elite_ros_ws/build/eli_cs_robot_driver
[15.569s] Level 1:colcon.colcon_core.environment:create_environment_scripts_only(eli_cs_robot_driver)
[15.569s] DEBUG:colcon.colcon_core.event_handler.log_command:Invoked command in '/home/robot/project/ls65_ros/ls65/elite_ros_ws/build/eli_cs_robot_driver' returned '0': AMENT_PREFIX_PATH=/home/robot/project/ls65_ros/ls65/elite_ros_ws/install/eli_dashboard_interface:/home/robot/project/ls65_ros/ls65/elite_ros_ws/install/eli_cs_robot_description:/home/robot/project/ls65_ros/ls65/elite_ros_ws/install/eli_common_interface:${AMENT_PREFIX_PATH} CMAKE_PREFIX_PATH=/home/robot/project/ls65_ros/ls65/elite_ros_ws/install/eli_dashboard_interface:/home/robot/project/ls65_ros/ls65/elite_ros_ws/install/eli_cs_robot_description:/home/robot/project/ls65_ros/ls65/elite_ros_ws/install/eli_common_interface:/opt/ros/humble LD_LIBRARY_PATH=/home/robot/project/ls65_ros/ls65/elite_ros_ws/install/eli_dashboard_interface/lib:/home/robot/project/ls65_ros/ls65/elite_ros_ws/install/eli_common_interface/lib:${LD_LIBRARY_PATH} PYTHONPATH=/home/robot/project/ls65_ros/ls65/elite_ros_ws/install/eli_dashboard_interface/local/lib/python3.10/dist-packages:/home/robot/project/ls65_ros/ls65/elite_ros_ws/install/eli_common_interface/local/lib/python3.10/dist-packages:${PYTHONPATH} /usr/bin/cmake --install /home/robot/project/ls65_ros/ls65/elite_ros_ws/build/eli_cs_robot_driver
[15.569s] Level 1:colcon.colcon_core.environment:checking '/home/robot/project/ls65_ros/ls65/elite_ros_ws/install/eli_cs_robot_driver' for CMake module files
[15.570s] Level 1:colcon.colcon_core.environment:checking '/home/robot/project/ls65_ros/ls65/elite_ros_ws/install/eli_cs_robot_driver' for CMake config files
[15.570s] Level 1:colcon.colcon_core.shell:create_environment_hook('eli_cs_robot_driver', 'cmake_prefix_path')
[15.570s] INFO:colcon.colcon_core.shell:Creating environment hook '/home/robot/project/ls65_ros/ls65/elite_ros_ws/install/eli_cs_robot_driver/share/eli_cs_robot_driver/hook/cmake_prefix_path.ps1'
[15.571s] INFO:colcon.colcon_core.shell:Creating environment descriptor '/home/robot/project/ls65_ros/ls65/elite_ros_ws/install/eli_cs_robot_driver/share/eli_cs_robot_driver/hook/cmake_prefix_path.dsv'
[15.571s] INFO:colcon.colcon_core.shell:Creating environment hook '/home/robot/project/ls65_ros/ls65/elite_ros_ws/install/eli_cs_robot_driver/share/eli_cs_robot_driver/hook/cmake_prefix_path.sh'
[15.571s] Level 1:colcon.colcon_core.environment:checking '/home/robot/project/ls65_ros/ls65/elite_ros_ws/install/eli_cs_robot_driver/lib'
[15.571s] Level 1:colcon.colcon_core.shell:create_environment_hook('eli_cs_robot_driver', 'ld_library_path_lib')
[15.571s] INFO:colcon.colcon_core.shell:Creating environment hook '/home/robot/project/ls65_ros/ls65/elite_ros_ws/install/eli_cs_robot_driver/share/eli_cs_robot_driver/hook/ld_library_path_lib.ps1'
[15.572s] INFO:colcon.colcon_core.shell:Creating environment descriptor '/home/robot/project/ls65_ros/ls65/elite_ros_ws/install/eli_cs_robot_driver/share/eli_cs_robot_driver/hook/ld_library_path_lib.dsv'
[15.572s] INFO:colcon.colcon_core.shell:Creating environment hook '/home/robot/project/ls65_ros/ls65/elite_ros_ws/install/eli_cs_robot_driver/share/eli_cs_robot_driver/hook/ld_library_path_lib.sh'
[15.572s] Level 1:colcon.colcon_core.environment:checking '/home/robot/project/ls65_ros/ls65/elite_ros_ws/install/eli_cs_robot_driver/bin'
[15.572s] Level 1:colcon.colcon_core.environment:checking '/home/robot/project/ls65_ros/ls65/elite_ros_ws/install/eli_cs_robot_driver/lib/pkgconfig/eli_cs_robot_driver.pc'
[15.572s] Level 1:colcon.colcon_core.environment:checking '/home/robot/project/ls65_ros/ls65/elite_ros_ws/install/eli_cs_robot_driver/lib/python3.10/site-packages'
[15.572s] Level 1:colcon.colcon_core.environment:checking '/home/robot/project/ls65_ros/ls65/elite_ros_ws/install/eli_cs_robot_driver/bin'
[15.572s] INFO:colcon.colcon_core.shell:Creating package script '/home/robot/project/ls65_ros/ls65/elite_ros_ws/install/eli_cs_robot_driver/share/eli_cs_robot_driver/package.ps1'
[15.573s] INFO:colcon.colcon_core.shell:Creating package descriptor '/home/robot/project/ls65_ros/ls65/elite_ros_ws/install/eli_cs_robot_driver/share/eli_cs_robot_driver/package.dsv'
[15.573s] INFO:colcon.colcon_core.shell:Creating package script '/home/robot/project/ls65_ros/ls65/elite_ros_ws/install/eli_cs_robot_driver/share/eli_cs_robot_driver/package.sh'
[15.573s] INFO:colcon.colcon_core.shell:Creating package script '/home/robot/project/ls65_ros/ls65/elite_ros_ws/install/eli_cs_robot_driver/share/eli_cs_robot_driver/package.bash'
[15.573s] INFO:colcon.colcon_core.shell:Creating package script '/home/robot/project/ls65_ros/ls65/elite_ros_ws/install/eli_cs_robot_driver/share/eli_cs_robot_driver/package.zsh'
[15.573s] Level 1:colcon.colcon_core.environment:create_file_with_runtime_dependencies(/home/robot/project/ls65_ros/ls65/elite_ros_ws/install/eli_cs_robot_driver/share/colcon-core/packages/eli_cs_robot_driver)
[15.574s] Level 1:colcon.colcon_core.environment:create_environment_scripts_only(eli_cs_robot_driver)
[15.574s] Level 1:colcon.colcon_core.environment:checking '/home/robot/project/ls65_ros/ls65/elite_ros_ws/install/eli_cs_robot_driver' for CMake module files
[15.574s] Level 1:colcon.colcon_core.environment:checking '/home/robot/project/ls65_ros/ls65/elite_ros_ws/install/eli_cs_robot_driver' for CMake config files
[15.574s] Level 1:colcon.colcon_core.shell:create_environment_hook('eli_cs_robot_driver', 'cmake_prefix_path')
[15.574s] INFO:colcon.colcon_core.shell:Creating environment hook '/home/robot/project/ls65_ros/ls65/elite_ros_ws/install/eli_cs_robot_driver/share/eli_cs_robot_driver/hook/cmake_prefix_path.ps1'
[15.575s] INFO:colcon.colcon_core.shell:Creating environment descriptor '/home/robot/project/ls65_ros/ls65/elite_ros_ws/install/eli_cs_robot_driver/share/eli_cs_robot_driver/hook/cmake_prefix_path.dsv'
[15.575s] INFO:colcon.colcon_core.shell:Creating environment hook '/home/robot/project/ls65_ros/ls65/elite_ros_ws/install/eli_cs_robot_driver/share/eli_cs_robot_driver/hook/cmake_prefix_path.sh'
[15.575s] Level 1:colcon.colcon_core.environment:checking '/home/robot/project/ls65_ros/ls65/elite_ros_ws/install/eli_cs_robot_driver/lib'
[15.575s] Level 1:colcon.colcon_core.shell:create_environment_hook('eli_cs_robot_driver', 'ld_library_path_lib')
[15.575s] INFO:colcon.colcon_core.shell:Creating environment hook '/home/robot/project/ls65_ros/ls65/elite_ros_ws/install/eli_cs_robot_driver/share/eli_cs_robot_driver/hook/ld_library_path_lib.ps1'
[15.575s] INFO:colcon.colcon_core.shell:Creating environment descriptor '/home/robot/project/ls65_ros/ls65/elite_ros_ws/install/eli_cs_robot_driver/share/eli_cs_robot_driver/hook/ld_library_path_lib.dsv'
[15.576s] INFO:colcon.colcon_core.shell:Creating environment hook '/home/robot/project/ls65_ros/ls65/elite_ros_ws/install/eli_cs_robot_driver/share/eli_cs_robot_driver/hook/ld_library_path_lib.sh'
[15.576s] Level 1:colcon.colcon_core.environment:checking '/home/robot/project/ls65_ros/ls65/elite_ros_ws/install/eli_cs_robot_driver/bin'
[15.576s] Level 1:colcon.colcon_core.environment:checking '/home/robot/project/ls65_ros/ls65/elite_ros_ws/install/eli_cs_robot_driver/lib/pkgconfig/eli_cs_robot_driver.pc'
[15.576s] Level 1:colcon.colcon_core.environment:checking '/home/robot/project/ls65_ros/ls65/elite_ros_ws/install/eli_cs_robot_driver/lib/python3.10/site-packages'
[15.576s] Level 1:colcon.colcon_core.environment:checking '/home/robot/project/ls65_ros/ls65/elite_ros_ws/install/eli_cs_robot_driver/bin'
[15.576s] INFO:colcon.colcon_core.shell:Creating package script '/home/robot/project/ls65_ros/ls65/elite_ros_ws/install/eli_cs_robot_driver/share/eli_cs_robot_driver/package.ps1'
[15.577s] INFO:colcon.colcon_core.shell:Creating package descriptor '/home/robot/project/ls65_ros/ls65/elite_ros_ws/install/eli_cs_robot_driver/share/eli_cs_robot_driver/package.dsv'
[15.577s] INFO:colcon.colcon_core.shell:Creating package script '/home/robot/project/ls65_ros/ls65/elite_ros_ws/install/eli_cs_robot_driver/share/eli_cs_robot_driver/package.sh'
[15.577s] INFO:colcon.colcon_core.shell:Creating package script '/home/robot/project/ls65_ros/ls65/elite_ros_ws/install/eli_cs_robot_driver/share/eli_cs_robot_driver/package.bash'
[15.577s] INFO:colcon.colcon_core.shell:Creating package script '/home/robot/project/ls65_ros/ls65/elite_ros_ws/install/eli_cs_robot_driver/share/eli_cs_robot_driver/package.zsh'
[15.577s] Level 1:colcon.colcon_core.environment:create_file_with_runtime_dependencies(/home/robot/project/ls65_ros/ls65/elite_ros_ws/install/eli_cs_robot_driver/share/colcon-core/packages/eli_cs_robot_driver)
[15.578s] DEBUG:colcon.colcon_parallel_executor.executor.parallel:closing loop
[15.578s] DEBUG:colcon.colcon_parallel_executor.executor.parallel:loop closed
[15.578s] DEBUG:colcon.colcon_parallel_executor.executor.parallel:run_until_complete finished with '0'
[15.578s] DEBUG:colcon.colcon_core.event_reactor:joining thread
[15.581s] INFO:colcon.colcon_core.plugin_system:Skipping extension 'colcon_notification.desktop_notification.terminal_notifier': Not used on non-Darwin systems
[15.581s] INFO:colcon.colcon_core.plugin_system:Skipping extension 'colcon_notification.desktop_notification.win32': Not used on non-Windows systems
[15.581s] INFO:colcon.colcon_notification.desktop_notification:Sending desktop notification using 'notify2'
[15.591s] DEBUG:colcon.colcon_core.event_reactor:joined thread
[15.592s] INFO:colcon.colcon_core.shell:Creating prefix script '/home/robot/project/ls65_ros/ls65/elite_ros_ws/install/local_setup.ps1'
[15.592s] INFO:colcon.colcon_core.shell:Creating prefix util module '/home/robot/project/ls65_ros/ls65/elite_ros_ws/install/_local_setup_util_ps1.py'
[15.593s] INFO:colcon.colcon_core.shell:Creating prefix chain script '/home/robot/project/ls65_ros/ls65/elite_ros_ws/install/setup.ps1'
[15.594s] INFO:colcon.colcon_core.shell:Creating prefix script '/home/robot/project/ls65_ros/ls65/elite_ros_ws/install/local_setup.sh'
[15.594s] INFO:colcon.colcon_core.shell:Creating prefix util module '/home/robot/project/ls65_ros/ls65/elite_ros_ws/install/_local_setup_util_sh.py'
[15.594s] INFO:colcon.colcon_core.shell:Creating prefix chain script '/home/robot/project/ls65_ros/ls65/elite_ros_ws/install/setup.sh'
[15.595s] INFO:colcon.colcon_core.shell:Creating prefix script '/home/robot/project/ls65_ros/ls65/elite_ros_ws/install/local_setup.bash'
[15.595s] INFO:colcon.colcon_core.shell:Creating prefix chain script '/home/robot/project/ls65_ros/ls65/elite_ros_ws/install/setup.bash'
[15.596s] INFO:colcon.colcon_core.shell:Creating prefix script '/home/robot/project/ls65_ros/ls65/elite_ros_ws/install/local_setup.zsh'
[15.596s] INFO:colcon.colcon_core.shell:Creating prefix chain script '/home/robot/project/ls65_ros/ls65/elite_ros_ws/install/setup.zsh'
