[0.874s] DEBUG:colcon:Command line arguments: ['/usr/bin/colcon', 'build']
[0.874s] DEBUG:colcon:Parsed command line arguments: Namespace(log_base=None, log_level=None, verb_name='build', build_base='build', install_base='install', merge_install=False, symlink_install=False, test_result_base=None, continue_on_error=False, executor='parallel', parallel_workers=16, event_handlers=None, ignore_user_meta=False, metas=['./colcon.meta'], base_paths=['.'], packages_ignore=None, packages_ignore_regex=None, paths=None, packages_up_to=None, packages_up_to_regex=None, packages_above=None, packages_above_and_dependencies=None, packages_above_depth=None, packages_select_by_dep=None, packages_skip_by_dep=None, packages_skip_up_to=None, packages_select_build_failed=False, packages_skip_build_finished=False, packages_select_test_failures=False, packages_skip_test_passed=False, packages_select=None, packages_skip=None, packages_select_regex=None, packages_skip_regex=None, packages_start=None, packages_end=None, allow_overriding=[], cmake_args=None, cmake_target=None, cmake_target_skip_unavailable=False, cmake_clean_cache=False, cmake_clean_first=False, cmake_force_configure=False, ament_cmake_args=None, catkin_cmake_args=None, catkin_skip_building_tests=False, verb_parser=<colcon_defaults.argument_parser.defaults.DefaultArgumentsDecorator object at 0x7b42f67296c0>, verb_extension=<colcon_core.verb.build.BuildVerb object at 0x7b42f6729150>, main=<bound method BuildVerb.main of <colcon_core.verb.build.BuildVerb object at 0x7b42f6729150>>)
[2.287s] Level 1:colcon.colcon_core.package_discovery:discover_packages(colcon_meta) check parameters
[2.287s] Level 1:colcon.colcon_core.package_discovery:discover_packages(recursive) check parameters
[2.287s] Level 1:colcon.colcon_core.package_discovery:discover_packages(ignore) check parameters
[2.287s] Level 1:colcon.colcon_core.package_discovery:discover_packages(path) check parameters
[2.287s] Level 1:colcon.colcon_core.package_discovery:discover_packages(colcon_meta) discover
[2.288s] Level 1:colcon.colcon_core.package_discovery:discover_packages(recursive) discover
[2.288s] INFO:colcon.colcon_core.package_discovery:Crawling recursively for packages in '/home/robot/project/ls65_ros/ls65/elite_ros_ws'
[2.288s] Level 1:colcon.colcon_core.package_identification:_identify(.) by extensions ['ignore', 'ignore_ament_install']
[2.288s] Level 1:colcon.colcon_core.package_identification:_identify(.) by extension 'ignore'
[2.288s] Level 1:colcon.colcon_core.package_identification:_identify(.) by extension 'ignore_ament_install'
[2.288s] Level 1:colcon.colcon_core.package_identification:_identify(.) by extensions ['colcon_pkg']
[2.288s] Level 1:colcon.colcon_core.package_identification:_identify(.) by extension 'colcon_pkg'
[2.288s] Level 1:colcon.colcon_core.package_identification:_identify(.) by extensions ['colcon_meta']
[2.288s] Level 1:colcon.colcon_core.package_identification:_identify(.) by extension 'colcon_meta'
[2.288s] Level 1:colcon.colcon_core.package_identification:_identify(.) by extensions ['ros']
[2.289s] Level 1:colcon.colcon_core.package_identification:_identify(.) by extension 'ros'
[2.297s] Level 1:colcon.colcon_core.package_identification:_identify(.) by extensions ['cmake', 'python']
[2.297s] Level 1:colcon.colcon_core.package_identification:_identify(.) by extension 'cmake'
[2.297s] Level 1:colcon.colcon_core.package_identification:_identify(.) by extension 'python'
[2.297s] Level 1:colcon.colcon_core.package_identification:_identify(.) by extensions ['python_setup_py']
[2.297s] Level 1:colcon.colcon_core.package_identification:_identify(.) by extension 'python_setup_py'
[2.297s] Level 1:colcon.colcon_core.package_identification:_identify(build) by extensions ['ignore', 'ignore_ament_install']
[2.297s] Level 1:colcon.colcon_core.package_identification:_identify(build) by extension 'ignore'
[2.297s] Level 1:colcon.colcon_core.package_identification:_identify(build) ignored
[2.297s] Level 1:colcon.colcon_core.package_identification:_identify(install) by extensions ['ignore', 'ignore_ament_install']
[2.297s] Level 1:colcon.colcon_core.package_identification:_identify(install) by extension 'ignore'
[2.297s] Level 1:colcon.colcon_core.package_identification:_identify(install) ignored
[2.298s] Level 1:colcon.colcon_core.package_identification:_identify(log) by extensions ['ignore', 'ignore_ament_install']
[2.298s] Level 1:colcon.colcon_core.package_identification:_identify(log) by extension 'ignore'
[2.298s] Level 1:colcon.colcon_core.package_identification:_identify(log) ignored
[2.298s] Level 1:colcon.colcon_core.package_identification:_identify(src) by extensions ['ignore', 'ignore_ament_install']
[2.298s] Level 1:colcon.colcon_core.package_identification:_identify(src) by extension 'ignore'
[2.298s] Level 1:colcon.colcon_core.package_identification:_identify(src) by extension 'ignore_ament_install'
[2.298s] Level 1:colcon.colcon_core.package_identification:_identify(src) by extensions ['colcon_pkg']
[2.298s] Level 1:colcon.colcon_core.package_identification:_identify(src) by extension 'colcon_pkg'
[2.298s] Level 1:colcon.colcon_core.package_identification:_identify(src) by extensions ['colcon_meta']
[2.298s] Level 1:colcon.colcon_core.package_identification:_identify(src) by extension 'colcon_meta'
[2.298s] Level 1:colcon.colcon_core.package_identification:_identify(src) by extensions ['ros']
[2.298s] Level 1:colcon.colcon_core.package_identification:_identify(src) by extension 'ros'
[2.298s] Level 1:colcon.colcon_core.package_identification:_identify(src) by extensions ['cmake', 'python']
[2.298s] Level 1:colcon.colcon_core.package_identification:_identify(src) by extension 'cmake'
[2.298s] Level 1:colcon.colcon_core.package_identification:_identify(src) by extension 'python'
[2.298s] Level 1:colcon.colcon_core.package_identification:_identify(src) by extensions ['python_setup_py']
[2.298s] Level 1:colcon.colcon_core.package_identification:_identify(src) by extension 'python_setup_py'
[2.298s] Level 1:colcon.colcon_core.package_identification:_identify(src/doc) by extensions ['ignore', 'ignore_ament_install']
[2.298s] Level 1:colcon.colcon_core.package_identification:_identify(src/doc) by extension 'ignore'
[2.298s] Level 1:colcon.colcon_core.package_identification:_identify(src/doc) by extension 'ignore_ament_install'
[2.298s] Level 1:colcon.colcon_core.package_identification:_identify(src/doc) by extensions ['colcon_pkg']
[2.298s] Level 1:colcon.colcon_core.package_identification:_identify(src/doc) by extension 'colcon_pkg'
[2.298s] Level 1:colcon.colcon_core.package_identification:_identify(src/doc) by extensions ['colcon_meta']
[2.298s] Level 1:colcon.colcon_core.package_identification:_identify(src/doc) by extension 'colcon_meta'
[2.298s] Level 1:colcon.colcon_core.package_identification:_identify(src/doc) by extensions ['ros']
[2.298s] Level 1:colcon.colcon_core.package_identification:_identify(src/doc) by extension 'ros'
[2.298s] Level 1:colcon.colcon_core.package_identification:_identify(src/doc) by extensions ['cmake', 'python']
[2.298s] Level 1:colcon.colcon_core.package_identification:_identify(src/doc) by extension 'cmake'
[2.298s] Level 1:colcon.colcon_core.package_identification:_identify(src/doc) by extension 'python'
[2.298s] Level 1:colcon.colcon_core.package_identification:_identify(src/doc) by extensions ['python_setup_py']
[2.298s] Level 1:colcon.colcon_core.package_identification:_identify(src/doc) by extension 'python_setup_py'
[2.298s] Level 1:colcon.colcon_core.package_identification:_identify(src/eli_common_interface) by extensions ['ignore', 'ignore_ament_install']
[2.298s] Level 1:colcon.colcon_core.package_identification:_identify(src/eli_common_interface) by extension 'ignore'
[2.299s] Level 1:colcon.colcon_core.package_identification:_identify(src/eli_common_interface) by extension 'ignore_ament_install'
[2.299s] Level 1:colcon.colcon_core.package_identification:_identify(src/eli_common_interface) by extensions ['colcon_pkg']
[2.299s] Level 1:colcon.colcon_core.package_identification:_identify(src/eli_common_interface) by extension 'colcon_pkg'
[2.299s] Level 1:colcon.colcon_core.package_identification:_identify(src/eli_common_interface) by extensions ['colcon_meta']
[2.299s] Level 1:colcon.colcon_core.package_identification:_identify(src/eli_common_interface) by extension 'colcon_meta'
[2.299s] Level 1:colcon.colcon_core.package_identification:_identify(src/eli_common_interface) by extensions ['ros']
[2.299s] Level 1:colcon.colcon_core.package_identification:_identify(src/eli_common_interface) by extension 'ros'
[2.303s] DEBUG:colcon.colcon_core.package_identification:Package 'src/eli_common_interface' with type 'ros.ament_cmake' and name 'eli_common_interface'
[2.303s] Level 1:colcon.colcon_core.package_identification:_identify(src/eli_cs_controllers) by extensions ['ignore', 'ignore_ament_install']
[2.303s] Level 1:colcon.colcon_core.package_identification:_identify(src/eli_cs_controllers) by extension 'ignore'
[2.303s] Level 1:colcon.colcon_core.package_identification:_identify(src/eli_cs_controllers) by extension 'ignore_ament_install'
[2.303s] Level 1:colcon.colcon_core.package_identification:_identify(src/eli_cs_controllers) by extensions ['colcon_pkg']
[2.303s] Level 1:colcon.colcon_core.package_identification:_identify(src/eli_cs_controllers) by extension 'colcon_pkg'
[2.303s] Level 1:colcon.colcon_core.package_identification:_identify(src/eli_cs_controllers) by extensions ['colcon_meta']
[2.303s] Level 1:colcon.colcon_core.package_identification:_identify(src/eli_cs_controllers) by extension 'colcon_meta'
[2.303s] Level 1:colcon.colcon_core.package_identification:_identify(src/eli_cs_controllers) by extensions ['ros']
[2.303s] Level 1:colcon.colcon_core.package_identification:_identify(src/eli_cs_controllers) by extension 'ros'
[2.307s] DEBUG:colcon.colcon_core.package_identification:Package 'src/eli_cs_controllers' with type 'ros.ament_cmake' and name 'eli_cs_controllers'
[2.307s] Level 1:colcon.colcon_core.package_identification:_identify(src/eli_cs_robot_calibration) by extensions ['ignore', 'ignore_ament_install']
[2.307s] Level 1:colcon.colcon_core.package_identification:_identify(src/eli_cs_robot_calibration) by extension 'ignore'
[2.307s] Level 1:colcon.colcon_core.package_identification:_identify(src/eli_cs_robot_calibration) by extension 'ignore_ament_install'
[2.307s] Level 1:colcon.colcon_core.package_identification:_identify(src/eli_cs_robot_calibration) by extensions ['colcon_pkg']
[2.307s] Level 1:colcon.colcon_core.package_identification:_identify(src/eli_cs_robot_calibration) by extension 'colcon_pkg'
[2.307s] Level 1:colcon.colcon_core.package_identification:_identify(src/eli_cs_robot_calibration) by extensions ['colcon_meta']
[2.307s] Level 1:colcon.colcon_core.package_identification:_identify(src/eli_cs_robot_calibration) by extension 'colcon_meta'
[2.307s] Level 1:colcon.colcon_core.package_identification:_identify(src/eli_cs_robot_calibration) by extensions ['ros']
[2.307s] Level 1:colcon.colcon_core.package_identification:_identify(src/eli_cs_robot_calibration) by extension 'ros'
[2.310s] DEBUG:colcon.colcon_core.package_identification:Package 'src/eli_cs_robot_calibration' with type 'ros.ament_cmake' and name 'eli_cs_robot_calibration'
[2.310s] Level 1:colcon.colcon_core.package_identification:_identify(src/eli_cs_robot_description) by extensions ['ignore', 'ignore_ament_install']
[2.310s] Level 1:colcon.colcon_core.package_identification:_identify(src/eli_cs_robot_description) by extension 'ignore'
[2.311s] Level 1:colcon.colcon_core.package_identification:_identify(src/eli_cs_robot_description) by extension 'ignore_ament_install'
[2.311s] Level 1:colcon.colcon_core.package_identification:_identify(src/eli_cs_robot_description) by extensions ['colcon_pkg']
[2.311s] Level 1:colcon.colcon_core.package_identification:_identify(src/eli_cs_robot_description) by extension 'colcon_pkg'
[2.311s] Level 1:colcon.colcon_core.package_identification:_identify(src/eli_cs_robot_description) by extensions ['colcon_meta']
[2.311s] Level 1:colcon.colcon_core.package_identification:_identify(src/eli_cs_robot_description) by extension 'colcon_meta'
[2.311s] Level 1:colcon.colcon_core.package_identification:_identify(src/eli_cs_robot_description) by extensions ['ros']
[2.311s] Level 1:colcon.colcon_core.package_identification:_identify(src/eli_cs_robot_description) by extension 'ros'
[2.313s] DEBUG:colcon.colcon_core.package_identification:Package 'src/eli_cs_robot_description' with type 'ros.ament_cmake' and name 'eli_cs_robot_description'
[2.313s] Level 1:colcon.colcon_core.package_identification:_identify(src/eli_cs_robot_driver) by extensions ['ignore', 'ignore_ament_install']
[2.313s] Level 1:colcon.colcon_core.package_identification:_identify(src/eli_cs_robot_driver) by extension 'ignore'
[2.313s] Level 1:colcon.colcon_core.package_identification:_identify(src/eli_cs_robot_driver) by extension 'ignore_ament_install'
[2.313s] Level 1:colcon.colcon_core.package_identification:_identify(src/eli_cs_robot_driver) by extensions ['colcon_pkg']
[2.313s] Level 1:colcon.colcon_core.package_identification:_identify(src/eli_cs_robot_driver) by extension 'colcon_pkg'
[2.313s] Level 1:colcon.colcon_core.package_identification:_identify(src/eli_cs_robot_driver) by extensions ['colcon_meta']
[2.313s] Level 1:colcon.colcon_core.package_identification:_identify(src/eli_cs_robot_driver) by extension 'colcon_meta'
[2.313s] Level 1:colcon.colcon_core.package_identification:_identify(src/eli_cs_robot_driver) by extensions ['ros']
[2.313s] Level 1:colcon.colcon_core.package_identification:_identify(src/eli_cs_robot_driver) by extension 'ros'
[2.317s] DEBUG:colcon.colcon_core.package_identification:Package 'src/eli_cs_robot_driver' with type 'ros.ament_cmake' and name 'eli_cs_robot_driver'
[2.318s] Level 1:colcon.colcon_core.package_identification:_identify(src/eli_cs_robot_moveit_config) by extensions ['ignore', 'ignore_ament_install']
[2.318s] Level 1:colcon.colcon_core.package_identification:_identify(src/eli_cs_robot_moveit_config) by extension 'ignore'
[2.318s] Level 1:colcon.colcon_core.package_identification:_identify(src/eli_cs_robot_moveit_config) by extension 'ignore_ament_install'
[2.318s] Level 1:colcon.colcon_core.package_identification:_identify(src/eli_cs_robot_moveit_config) by extensions ['colcon_pkg']
[2.318s] Level 1:colcon.colcon_core.package_identification:_identify(src/eli_cs_robot_moveit_config) by extension 'colcon_pkg'
[2.318s] Level 1:colcon.colcon_core.package_identification:_identify(src/eli_cs_robot_moveit_config) by extensions ['colcon_meta']
[2.318s] Level 1:colcon.colcon_core.package_identification:_identify(src/eli_cs_robot_moveit_config) by extension 'colcon_meta'
[2.318s] Level 1:colcon.colcon_core.package_identification:_identify(src/eli_cs_robot_moveit_config) by extensions ['ros']
[2.318s] Level 1:colcon.colcon_core.package_identification:_identify(src/eli_cs_robot_moveit_config) by extension 'ros'
[2.321s] DEBUG:colcon.colcon_core.package_identification:Package 'src/eli_cs_robot_moveit_config' with type 'ros.ament_cmake' and name 'eli_cs_robot_moveit_config'
[2.321s] Level 1:colcon.colcon_core.package_identification:_identify(src/eli_cs_robot_simulation_gz) by extensions ['ignore', 'ignore_ament_install']
[2.321s] Level 1:colcon.colcon_core.package_identification:_identify(src/eli_cs_robot_simulation_gz) by extension 'ignore'
[2.321s] Level 1:colcon.colcon_core.package_identification:_identify(src/eli_cs_robot_simulation_gz) by extension 'ignore_ament_install'
[2.321s] Level 1:colcon.colcon_core.package_identification:_identify(src/eli_cs_robot_simulation_gz) by extensions ['colcon_pkg']
[2.321s] Level 1:colcon.colcon_core.package_identification:_identify(src/eli_cs_robot_simulation_gz) by extension 'colcon_pkg'
[2.321s] Level 1:colcon.colcon_core.package_identification:_identify(src/eli_cs_robot_simulation_gz) by extensions ['colcon_meta']
[2.321s] Level 1:colcon.colcon_core.package_identification:_identify(src/eli_cs_robot_simulation_gz) by extension 'colcon_meta'
[2.321s] Level 1:colcon.colcon_core.package_identification:_identify(src/eli_cs_robot_simulation_gz) by extensions ['ros']
[2.321s] Level 1:colcon.colcon_core.package_identification:_identify(src/eli_cs_robot_simulation_gz) by extension 'ros'
[2.324s] DEBUG:colcon.colcon_core.package_identification:Package 'src/eli_cs_robot_simulation_gz' with type 'ros.ament_cmake' and name 'eli_cs_robot_simulation_gz'
[2.324s] Level 1:colcon.colcon_core.package_identification:_identify(src/eli_dashboard_interface) by extensions ['ignore', 'ignore_ament_install']
[2.324s] Level 1:colcon.colcon_core.package_identification:_identify(src/eli_dashboard_interface) by extension 'ignore'
[2.325s] Level 1:colcon.colcon_core.package_identification:_identify(src/eli_dashboard_interface) by extension 'ignore_ament_install'
[2.325s] Level 1:colcon.colcon_core.package_identification:_identify(src/eli_dashboard_interface) by extensions ['colcon_pkg']
[2.325s] Level 1:colcon.colcon_core.package_identification:_identify(src/eli_dashboard_interface) by extension 'colcon_pkg'
[2.325s] Level 1:colcon.colcon_core.package_identification:_identify(src/eli_dashboard_interface) by extensions ['colcon_meta']
[2.325s] Level 1:colcon.colcon_core.package_identification:_identify(src/eli_dashboard_interface) by extension 'colcon_meta'
[2.325s] Level 1:colcon.colcon_core.package_identification:_identify(src/eli_dashboard_interface) by extensions ['ros']
[2.325s] Level 1:colcon.colcon_core.package_identification:_identify(src/eli_dashboard_interface) by extension 'ros'
[2.328s] DEBUG:colcon.colcon_core.package_identification:Package 'src/eli_dashboard_interface' with type 'ros.ament_cmake' and name 'eli_dashboard_interface'
[2.328s] Level 1:colcon.colcon_core.package_discovery:discover_packages(recursive) using defaults
[2.328s] Level 1:colcon.colcon_core.package_discovery:discover_packages(ignore) discover
[2.328s] Level 1:colcon.colcon_core.package_discovery:discover_packages(ignore) using defaults
[2.328s] Level 1:colcon.colcon_core.package_discovery:discover_packages(path) discover
[2.328s] Level 1:colcon.colcon_core.package_discovery:discover_packages(path) using defaults
[2.434s] Level 1:colcon.colcon_core.package_discovery:discover_packages(prefix_path) check parameters
[2.434s] Level 1:colcon.colcon_core.package_discovery:discover_packages(prefix_path) discover
[2.436s] DEBUG:colcon.colcon_installed_package_information.package_discovery:Found 8 installed packages in /home/robot/project/ls65_ros/ls65/elite_ros_ws/install
[2.437s] DEBUG:colcon.colcon_installed_package_information.package_discovery:Found 384 installed packages in /opt/ros/humble
[2.438s] Level 1:colcon.colcon_core.package_discovery:discover_packages(prefix_path) using defaults
[2.466s] Level 5:colcon.colcon_core.verb:set package 'eli_common_interface' build argument 'cmake_args' from command line to 'None'
[2.467s] Level 5:colcon.colcon_core.verb:set package 'eli_common_interface' build argument 'cmake_target' from command line to 'None'
[2.467s] Level 5:colcon.colcon_core.verb:set package 'eli_common_interface' build argument 'cmake_target_skip_unavailable' from command line to 'False'
[2.467s] Level 5:colcon.colcon_core.verb:set package 'eli_common_interface' build argument 'cmake_clean_cache' from command line to 'False'
[2.467s] Level 5:colcon.colcon_core.verb:set package 'eli_common_interface' build argument 'cmake_clean_first' from command line to 'False'
[2.467s] Level 5:colcon.colcon_core.verb:set package 'eli_common_interface' build argument 'cmake_force_configure' from command line to 'False'
[2.467s] Level 5:colcon.colcon_core.verb:set package 'eli_common_interface' build argument 'ament_cmake_args' from command line to 'None'
[2.467s] Level 5:colcon.colcon_core.verb:set package 'eli_common_interface' build argument 'catkin_cmake_args' from command line to 'None'
[2.467s] Level 5:colcon.colcon_core.verb:set package 'eli_common_interface' build argument 'catkin_skip_building_tests' from command line to 'False'
[2.467s] DEBUG:colcon.colcon_core.verb:Building package 'eli_common_interface' with the following arguments: {'ament_cmake_args': None, 'build_base': '/home/robot/project/ls65_ros/ls65/elite_ros_ws/build/eli_common_interface', 'catkin_cmake_args': None, 'catkin_skip_building_tests': False, 'cmake_args': None, 'cmake_clean_cache': False, 'cmake_clean_first': False, 'cmake_force_configure': False, 'cmake_target': None, 'cmake_target_skip_unavailable': False, 'install_base': '/home/robot/project/ls65_ros/ls65/elite_ros_ws/install/eli_common_interface', 'merge_install': False, 'path': '/home/robot/project/ls65_ros/ls65/elite_ros_ws/src/eli_common_interface', 'symlink_install': False, 'test_result_base': None}
[2.467s] Level 5:colcon.colcon_core.verb:set package 'eli_cs_robot_calibration' build argument 'cmake_args' from command line to 'None'
[2.467s] Level 5:colcon.colcon_core.verb:set package 'eli_cs_robot_calibration' build argument 'cmake_target' from command line to 'None'
[2.467s] Level 5:colcon.colcon_core.verb:set package 'eli_cs_robot_calibration' build argument 'cmake_target_skip_unavailable' from command line to 'False'
[2.467s] Level 5:colcon.colcon_core.verb:set package 'eli_cs_robot_calibration' build argument 'cmake_clean_cache' from command line to 'False'
[2.467s] Level 5:colcon.colcon_core.verb:set package 'eli_cs_robot_calibration' build argument 'cmake_clean_first' from command line to 'False'
[2.467s] Level 5:colcon.colcon_core.verb:set package 'eli_cs_robot_calibration' build argument 'cmake_force_configure' from command line to 'False'
[2.467s] Level 5:colcon.colcon_core.verb:set package 'eli_cs_robot_calibration' build argument 'ament_cmake_args' from command line to 'None'
[2.467s] Level 5:colcon.colcon_core.verb:set package 'eli_cs_robot_calibration' build argument 'catkin_cmake_args' from command line to 'None'
[2.467s] Level 5:colcon.colcon_core.verb:set package 'eli_cs_robot_calibration' build argument 'catkin_skip_building_tests' from command line to 'False'
[2.467s] DEBUG:colcon.colcon_core.verb:Building package 'eli_cs_robot_calibration' with the following arguments: {'ament_cmake_args': None, 'build_base': '/home/robot/project/ls65_ros/ls65/elite_ros_ws/build/eli_cs_robot_calibration', 'catkin_cmake_args': None, 'catkin_skip_building_tests': False, 'cmake_args': None, 'cmake_clean_cache': False, 'cmake_clean_first': False, 'cmake_force_configure': False, 'cmake_target': None, 'cmake_target_skip_unavailable': False, 'install_base': '/home/robot/project/ls65_ros/ls65/elite_ros_ws/install/eli_cs_robot_calibration', 'merge_install': False, 'path': '/home/robot/project/ls65_ros/ls65/elite_ros_ws/src/eli_cs_robot_calibration', 'symlink_install': False, 'test_result_base': None}
[2.467s] Level 5:colcon.colcon_core.verb:set package 'eli_cs_robot_description' build argument 'cmake_args' from command line to 'None'
[2.467s] Level 5:colcon.colcon_core.verb:set package 'eli_cs_robot_description' build argument 'cmake_target' from command line to 'None'
[2.467s] Level 5:colcon.colcon_core.verb:set package 'eli_cs_robot_description' build argument 'cmake_target_skip_unavailable' from command line to 'False'
[2.467s] Level 5:colcon.colcon_core.verb:set package 'eli_cs_robot_description' build argument 'cmake_clean_cache' from command line to 'False'
[2.467s] Level 5:colcon.colcon_core.verb:set package 'eli_cs_robot_description' build argument 'cmake_clean_first' from command line to 'False'
[2.467s] Level 5:colcon.colcon_core.verb:set package 'eli_cs_robot_description' build argument 'cmake_force_configure' from command line to 'False'
[2.467s] Level 5:colcon.colcon_core.verb:set package 'eli_cs_robot_description' build argument 'ament_cmake_args' from command line to 'None'
[2.467s] Level 5:colcon.colcon_core.verb:set package 'eli_cs_robot_description' build argument 'catkin_cmake_args' from command line to 'None'
[2.467s] Level 5:colcon.colcon_core.verb:set package 'eli_cs_robot_description' build argument 'catkin_skip_building_tests' from command line to 'False'
[2.467s] DEBUG:colcon.colcon_core.verb:Building package 'eli_cs_robot_description' with the following arguments: {'ament_cmake_args': None, 'build_base': '/home/robot/project/ls65_ros/ls65/elite_ros_ws/build/eli_cs_robot_description', 'catkin_cmake_args': None, 'catkin_skip_building_tests': False, 'cmake_args': None, 'cmake_clean_cache': False, 'cmake_clean_first': False, 'cmake_force_configure': False, 'cmake_target': None, 'cmake_target_skip_unavailable': False, 'install_base': '/home/robot/project/ls65_ros/ls65/elite_ros_ws/install/eli_cs_robot_description', 'merge_install': False, 'path': '/home/robot/project/ls65_ros/ls65/elite_ros_ws/src/eli_cs_robot_description', 'symlink_install': False, 'test_result_base': None}
[2.468s] Level 5:colcon.colcon_core.verb:set package 'eli_dashboard_interface' build argument 'cmake_args' from command line to 'None'
[2.468s] Level 5:colcon.colcon_core.verb:set package 'eli_dashboard_interface' build argument 'cmake_target' from command line to 'None'
[2.468s] Level 5:colcon.colcon_core.verb:set package 'eli_dashboard_interface' build argument 'cmake_target_skip_unavailable' from command line to 'False'
[2.468s] Level 5:colcon.colcon_core.verb:set package 'eli_dashboard_interface' build argument 'cmake_clean_cache' from command line to 'False'
[2.468s] Level 5:colcon.colcon_core.verb:set package 'eli_dashboard_interface' build argument 'cmake_clean_first' from command line to 'False'
[2.468s] Level 5:colcon.colcon_core.verb:set package 'eli_dashboard_interface' build argument 'cmake_force_configure' from command line to 'False'
[2.468s] Level 5:colcon.colcon_core.verb:set package 'eli_dashboard_interface' build argument 'ament_cmake_args' from command line to 'None'
[2.468s] Level 5:colcon.colcon_core.verb:set package 'eli_dashboard_interface' build argument 'catkin_cmake_args' from command line to 'None'
[2.468s] Level 5:colcon.colcon_core.verb:set package 'eli_dashboard_interface' build argument 'catkin_skip_building_tests' from command line to 'False'
[2.468s] DEBUG:colcon.colcon_core.verb:Building package 'eli_dashboard_interface' with the following arguments: {'ament_cmake_args': None, 'build_base': '/home/robot/project/ls65_ros/ls65/elite_ros_ws/build/eli_dashboard_interface', 'catkin_cmake_args': None, 'catkin_skip_building_tests': False, 'cmake_args': None, 'cmake_clean_cache': False, 'cmake_clean_first': False, 'cmake_force_configure': False, 'cmake_target': None, 'cmake_target_skip_unavailable': False, 'install_base': '/home/robot/project/ls65_ros/ls65/elite_ros_ws/install/eli_dashboard_interface', 'merge_install': False, 'path': '/home/robot/project/ls65_ros/ls65/elite_ros_ws/src/eli_dashboard_interface', 'symlink_install': False, 'test_result_base': None}
[2.468s] Level 5:colcon.colcon_core.verb:set package 'eli_cs_controllers' build argument 'cmake_args' from command line to 'None'
[2.468s] Level 5:colcon.colcon_core.verb:set package 'eli_cs_controllers' build argument 'cmake_target' from command line to 'None'
[2.468s] Level 5:colcon.colcon_core.verb:set package 'eli_cs_controllers' build argument 'cmake_target_skip_unavailable' from command line to 'False'
[2.468s] Level 5:colcon.colcon_core.verb:set package 'eli_cs_controllers' build argument 'cmake_clean_cache' from command line to 'False'
[2.468s] Level 5:colcon.colcon_core.verb:set package 'eli_cs_controllers' build argument 'cmake_clean_first' from command line to 'False'
[2.468s] Level 5:colcon.colcon_core.verb:set package 'eli_cs_controllers' build argument 'cmake_force_configure' from command line to 'False'
[2.468s] Level 5:colcon.colcon_core.verb:set package 'eli_cs_controllers' build argument 'ament_cmake_args' from command line to 'None'
[2.468s] Level 5:colcon.colcon_core.verb:set package 'eli_cs_controllers' build argument 'catkin_cmake_args' from command line to 'None'
[2.468s] Level 5:colcon.colcon_core.verb:set package 'eli_cs_controllers' build argument 'catkin_skip_building_tests' from command line to 'False'
[2.468s] DEBUG:colcon.colcon_core.verb:Building package 'eli_cs_controllers' with the following arguments: {'ament_cmake_args': None, 'build_base': '/home/robot/project/ls65_ros/ls65/elite_ros_ws/build/eli_cs_controllers', 'catkin_cmake_args': None, 'catkin_skip_building_tests': False, 'cmake_args': None, 'cmake_clean_cache': False, 'cmake_clean_first': False, 'cmake_force_configure': False, 'cmake_target': None, 'cmake_target_skip_unavailable': False, 'install_base': '/home/robot/project/ls65_ros/ls65/elite_ros_ws/install/eli_cs_controllers', 'merge_install': False, 'path': '/home/robot/project/ls65_ros/ls65/elite_ros_ws/src/eli_cs_controllers', 'symlink_install': False, 'test_result_base': None}
[2.468s] Level 5:colcon.colcon_core.verb:set package 'eli_cs_robot_driver' build argument 'cmake_args' from command line to 'None'
[2.468s] Level 5:colcon.colcon_core.verb:set package 'eli_cs_robot_driver' build argument 'cmake_target' from command line to 'None'
[2.468s] Level 5:colcon.colcon_core.verb:set package 'eli_cs_robot_driver' build argument 'cmake_target_skip_unavailable' from command line to 'False'
[2.468s] Level 5:colcon.colcon_core.verb:set package 'eli_cs_robot_driver' build argument 'cmake_clean_cache' from command line to 'False'
[2.468s] Level 5:colcon.colcon_core.verb:set package 'eli_cs_robot_driver' build argument 'cmake_clean_first' from command line to 'False'
[2.468s] Level 5:colcon.colcon_core.verb:set package 'eli_cs_robot_driver' build argument 'cmake_force_configure' from command line to 'False'
[2.468s] Level 5:colcon.colcon_core.verb:set package 'eli_cs_robot_driver' build argument 'ament_cmake_args' from command line to 'None'
[2.468s] Level 5:colcon.colcon_core.verb:set package 'eli_cs_robot_driver' build argument 'catkin_cmake_args' from command line to 'None'
[2.468s] Level 5:colcon.colcon_core.verb:set package 'eli_cs_robot_driver' build argument 'catkin_skip_building_tests' from command line to 'False'
[2.468s] DEBUG:colcon.colcon_core.verb:Building package 'eli_cs_robot_driver' with the following arguments: {'ament_cmake_args': None, 'build_base': '/home/robot/project/ls65_ros/ls65/elite_ros_ws/build/eli_cs_robot_driver', 'catkin_cmake_args': None, 'catkin_skip_building_tests': False, 'cmake_args': None, 'cmake_clean_cache': False, 'cmake_clean_first': False, 'cmake_force_configure': False, 'cmake_target': None, 'cmake_target_skip_unavailable': False, 'install_base': '/home/robot/project/ls65_ros/ls65/elite_ros_ws/install/eli_cs_robot_driver', 'merge_install': False, 'path': '/home/robot/project/ls65_ros/ls65/elite_ros_ws/src/eli_cs_robot_driver', 'symlink_install': False, 'test_result_base': None}
[2.469s] Level 5:colcon.colcon_core.verb:set package 'eli_cs_robot_moveit_config' build argument 'cmake_args' from command line to 'None'
[2.469s] Level 5:colcon.colcon_core.verb:set package 'eli_cs_robot_moveit_config' build argument 'cmake_target' from command line to 'None'
[2.469s] Level 5:colcon.colcon_core.verb:set package 'eli_cs_robot_moveit_config' build argument 'cmake_target_skip_unavailable' from command line to 'False'
[2.469s] Level 5:colcon.colcon_core.verb:set package 'eli_cs_robot_moveit_config' build argument 'cmake_clean_cache' from command line to 'False'
[2.469s] Level 5:colcon.colcon_core.verb:set package 'eli_cs_robot_moveit_config' build argument 'cmake_clean_first' from command line to 'False'
[2.469s] Level 5:colcon.colcon_core.verb:set package 'eli_cs_robot_moveit_config' build argument 'cmake_force_configure' from command line to 'False'
[2.469s] Level 5:colcon.colcon_core.verb:set package 'eli_cs_robot_moveit_config' build argument 'ament_cmake_args' from command line to 'None'
[2.469s] Level 5:colcon.colcon_core.verb:set package 'eli_cs_robot_moveit_config' build argument 'catkin_cmake_args' from command line to 'None'
[2.469s] Level 5:colcon.colcon_core.verb:set package 'eli_cs_robot_moveit_config' build argument 'catkin_skip_building_tests' from command line to 'False'
[2.469s] DEBUG:colcon.colcon_core.verb:Building package 'eli_cs_robot_moveit_config' with the following arguments: {'ament_cmake_args': None, 'build_base': '/home/robot/project/ls65_ros/ls65/elite_ros_ws/build/eli_cs_robot_moveit_config', 'catkin_cmake_args': None, 'catkin_skip_building_tests': False, 'cmake_args': None, 'cmake_clean_cache': False, 'cmake_clean_first': False, 'cmake_force_configure': False, 'cmake_target': None, 'cmake_target_skip_unavailable': False, 'install_base': '/home/robot/project/ls65_ros/ls65/elite_ros_ws/install/eli_cs_robot_moveit_config', 'merge_install': False, 'path': '/home/robot/project/ls65_ros/ls65/elite_ros_ws/src/eli_cs_robot_moveit_config', 'symlink_install': False, 'test_result_base': None}
[2.469s] Level 5:colcon.colcon_core.verb:set package 'eli_cs_robot_simulation_gz' build argument 'cmake_args' from command line to 'None'
[2.469s] Level 5:colcon.colcon_core.verb:set package 'eli_cs_robot_simulation_gz' build argument 'cmake_target' from command line to 'None'
[2.469s] Level 5:colcon.colcon_core.verb:set package 'eli_cs_robot_simulation_gz' build argument 'cmake_target_skip_unavailable' from command line to 'False'
[2.469s] Level 5:colcon.colcon_core.verb:set package 'eli_cs_robot_simulation_gz' build argument 'cmake_clean_cache' from command line to 'False'
[2.469s] Level 5:colcon.colcon_core.verb:set package 'eli_cs_robot_simulation_gz' build argument 'cmake_clean_first' from command line to 'False'
[2.469s] Level 5:colcon.colcon_core.verb:set package 'eli_cs_robot_simulation_gz' build argument 'cmake_force_configure' from command line to 'False'
[2.469s] Level 5:colcon.colcon_core.verb:set package 'eli_cs_robot_simulation_gz' build argument 'ament_cmake_args' from command line to 'None'
[2.469s] Level 5:colcon.colcon_core.verb:set package 'eli_cs_robot_simulation_gz' build argument 'catkin_cmake_args' from command line to 'None'
[2.469s] Level 5:colcon.colcon_core.verb:set package 'eli_cs_robot_simulation_gz' build argument 'catkin_skip_building_tests' from command line to 'False'
[2.469s] DEBUG:colcon.colcon_core.verb:Building package 'eli_cs_robot_simulation_gz' with the following arguments: {'ament_cmake_args': None, 'build_base': '/home/robot/project/ls65_ros/ls65/elite_ros_ws/build/eli_cs_robot_simulation_gz', 'catkin_cmake_args': None, 'catkin_skip_building_tests': False, 'cmake_args': None, 'cmake_clean_cache': False, 'cmake_clean_first': False, 'cmake_force_configure': False, 'cmake_target': None, 'cmake_target_skip_unavailable': False, 'install_base': '/home/robot/project/ls65_ros/ls65/elite_ros_ws/install/eli_cs_robot_simulation_gz', 'merge_install': False, 'path': '/home/robot/project/ls65_ros/ls65/elite_ros_ws/src/eli_cs_robot_simulation_gz', 'symlink_install': False, 'test_result_base': None}
[2.469s] INFO:colcon.colcon_core.executor:Executing jobs using 'parallel' executor
[2.470s] DEBUG:colcon.colcon_parallel_executor.executor.parallel:run_until_complete
[2.470s] INFO:colcon.colcon_ros.task.ament_cmake.build:Building ROS package in '/home/robot/project/ls65_ros/ls65/elite_ros_ws/src/eli_cs_robot_description' with build type 'ament_cmake'
[2.470s] INFO:colcon.colcon_cmake.task.cmake.build:Building CMake package in '/home/robot/project/ls65_ros/ls65/elite_ros_ws/src/eli_cs_robot_description'
[2.474s] INFO:colcon.colcon_core.plugin_system:Skipping extension 'colcon_core.shell.bat': Not used on non-Windows systems
[2.475s] INFO:colcon.colcon_core.shell:Skip shell extension 'powershell' for command environment: Not usable outside of PowerShell
[2.475s] DEBUG:colcon.colcon_core.shell:Skip shell extension 'dsv' for command environment
[2.477s] INFO:colcon.colcon_ros.task.ament_cmake.build:Building ROS package in '/home/robot/project/ls65_ros/ls65/elite_ros_ws/src/eli_common_interface' with build type 'ament_cmake'
[2.477s] INFO:colcon.colcon_cmake.task.cmake.build:Building CMake package in '/home/robot/project/ls65_ros/ls65/elite_ros_ws/src/eli_common_interface'
[2.477s] INFO:colcon.colcon_core.shell:Skip shell extension 'powershell' for command environment: Not usable outside of PowerShell
[2.477s] DEBUG:colcon.colcon_core.shell:Skip shell extension 'dsv' for command environment
[2.479s] INFO:colcon.colcon_ros.task.ament_cmake.build:Building ROS package in '/home/robot/project/ls65_ros/ls65/elite_ros_ws/src/eli_dashboard_interface' with build type 'ament_cmake'
[2.479s] INFO:colcon.colcon_cmake.task.cmake.build:Building CMake package in '/home/robot/project/ls65_ros/ls65/elite_ros_ws/src/eli_dashboard_interface'
[2.479s] INFO:colcon.colcon_core.shell:Skip shell extension 'powershell' for command environment: Not usable outside of PowerShell
[2.479s] DEBUG:colcon.colcon_core.shell:Skip shell extension 'dsv' for command environment
[2.481s] INFO:colcon.colcon_ros.task.ament_cmake.build:Building ROS package in '/home/robot/project/ls65_ros/ls65/elite_ros_ws/src/eli_cs_robot_calibration' with build type 'ament_cmake'
[2.481s] INFO:colcon.colcon_cmake.task.cmake.build:Building CMake package in '/home/robot/project/ls65_ros/ls65/elite_ros_ws/src/eli_cs_robot_calibration'
[2.481s] INFO:colcon.colcon_core.shell:Skip shell extension 'powershell' for command environment: Not usable outside of PowerShell
[2.481s] DEBUG:colcon.colcon_core.shell:Skip shell extension 'dsv' for command environment
[2.488s] DEBUG:colcon.colcon_core.event_handler.log_command:Invoking command in '/home/robot/project/ls65_ros/ls65/elite_ros_ws/build/eli_cs_robot_description': CMAKE_PREFIX_PATH=${CMAKE_PREFIX_PATH}:/opt/ros/humble /usr/bin/cmake --build /home/robot/project/ls65_ros/ls65/elite_ros_ws/build/eli_cs_robot_description -- -j16 -l16
[2.489s] DEBUG:colcon.colcon_core.event_handler.log_command:Invoking command in '/home/robot/project/ls65_ros/ls65/elite_ros_ws/build/eli_common_interface': CMAKE_PREFIX_PATH=${CMAKE_PREFIX_PATH}:/opt/ros/humble /usr/bin/cmake --build /home/robot/project/ls65_ros/ls65/elite_ros_ws/build/eli_common_interface -- -j16 -l16
[2.491s] DEBUG:colcon.colcon_core.event_handler.log_command:Invoking command in '/home/robot/project/ls65_ros/ls65/elite_ros_ws/build/eli_dashboard_interface': CMAKE_PREFIX_PATH=${CMAKE_PREFIX_PATH}:/opt/ros/humble /usr/bin/cmake --build /home/robot/project/ls65_ros/ls65/elite_ros_ws/build/eli_dashboard_interface -- -j16 -l16
[2.494s] DEBUG:colcon.colcon_core.event_handler.log_command:Invoking command in '/home/robot/project/ls65_ros/ls65/elite_ros_ws/build/eli_cs_robot_calibration': CMAKE_PREFIX_PATH=${CMAKE_PREFIX_PATH}:/opt/ros/humble /usr/bin/cmake --build /home/robot/project/ls65_ros/ls65/elite_ros_ws/build/eli_cs_robot_calibration -- -j16 -l16
[2.538s] DEBUG:colcon.colcon_core.event_handler.log_command:Invoked command in '/home/robot/project/ls65_ros/ls65/elite_ros_ws/build/eli_cs_robot_description' returned '0': CMAKE_PREFIX_PATH=${CMAKE_PREFIX_PATH}:/opt/ros/humble /usr/bin/cmake --build /home/robot/project/ls65_ros/ls65/elite_ros_ws/build/eli_cs_robot_description -- -j16 -l16
[2.548s] DEBUG:colcon.colcon_core.event_handler.log_command:Invoking command in '/home/robot/project/ls65_ros/ls65/elite_ros_ws/build/eli_cs_robot_description': CMAKE_PREFIX_PATH=${CMAKE_PREFIX_PATH}:/opt/ros/humble /usr/bin/cmake --install /home/robot/project/ls65_ros/ls65/elite_ros_ws/build/eli_cs_robot_description
[2.567s] Level 1:colcon.colcon_core.environment:create_environment_scripts_only(eli_cs_robot_description)
[2.582s] DEBUG:colcon.colcon_core.event_handler.log_command:Invoked command in '/home/robot/project/ls65_ros/ls65/elite_ros_ws/build/eli_cs_robot_description' returned '0': CMAKE_PREFIX_PATH=${CMAKE_PREFIX_PATH}:/opt/ros/humble /usr/bin/cmake --install /home/robot/project/ls65_ros/ls65/elite_ros_ws/build/eli_cs_robot_description
[2.584s] Level 1:colcon.colcon_core.environment:checking '/home/robot/project/ls65_ros/ls65/elite_ros_ws/install/eli_cs_robot_description' for CMake module files
[2.585s] Level 1:colcon.colcon_core.environment:checking '/home/robot/project/ls65_ros/ls65/elite_ros_ws/install/eli_cs_robot_description' for CMake config files
[2.586s] Level 1:colcon.colcon_core.shell:create_environment_hook('eli_cs_robot_description', 'cmake_prefix_path')
[2.586s] INFO:colcon.colcon_core.shell:Creating environment hook '/home/robot/project/ls65_ros/ls65/elite_ros_ws/install/eli_cs_robot_description/share/eli_cs_robot_description/hook/cmake_prefix_path.ps1'
[2.588s] INFO:colcon.colcon_core.shell:Creating environment descriptor '/home/robot/project/ls65_ros/ls65/elite_ros_ws/install/eli_cs_robot_description/share/eli_cs_robot_description/hook/cmake_prefix_path.dsv'
[2.589s] INFO:colcon.colcon_core.shell:Creating environment hook '/home/robot/project/ls65_ros/ls65/elite_ros_ws/install/eli_cs_robot_description/share/eli_cs_robot_description/hook/cmake_prefix_path.sh'
[2.590s] Level 1:colcon.colcon_core.environment:checking '/home/robot/project/ls65_ros/ls65/elite_ros_ws/install/eli_cs_robot_description/bin'
[2.590s] Level 1:colcon.colcon_core.environment:checking '/home/robot/project/ls65_ros/ls65/elite_ros_ws/install/eli_cs_robot_description/lib/pkgconfig/eli_cs_robot_description.pc'
[2.591s] Level 1:colcon.colcon_core.environment:checking '/home/robot/project/ls65_ros/ls65/elite_ros_ws/install/eli_cs_robot_description/lib/python3.10/site-packages'
[2.591s] Level 1:colcon.colcon_core.environment:checking '/home/robot/project/ls65_ros/ls65/elite_ros_ws/install/eli_cs_robot_description/bin'
[2.592s] INFO:colcon.colcon_core.shell:Creating package script '/home/robot/project/ls65_ros/ls65/elite_ros_ws/install/eli_cs_robot_description/share/eli_cs_robot_description/package.ps1'
[2.594s] INFO:colcon.colcon_core.shell:Creating package descriptor '/home/robot/project/ls65_ros/ls65/elite_ros_ws/install/eli_cs_robot_description/share/eli_cs_robot_description/package.dsv'
[2.595s] INFO:colcon.colcon_core.shell:Creating package script '/home/robot/project/ls65_ros/ls65/elite_ros_ws/install/eli_cs_robot_description/share/eli_cs_robot_description/package.sh'
[2.596s] INFO:colcon.colcon_core.shell:Creating package script '/home/robot/project/ls65_ros/ls65/elite_ros_ws/install/eli_cs_robot_description/share/eli_cs_robot_description/package.bash'
[2.597s] INFO:colcon.colcon_core.shell:Creating package script '/home/robot/project/ls65_ros/ls65/elite_ros_ws/install/eli_cs_robot_description/share/eli_cs_robot_description/package.zsh'
[2.598s] Level 1:colcon.colcon_core.environment:create_file_with_runtime_dependencies(/home/robot/project/ls65_ros/ls65/elite_ros_ws/install/eli_cs_robot_description/share/colcon-core/packages/eli_cs_robot_description)
[2.599s] Level 1:colcon.colcon_core.environment:create_environment_scripts_only(eli_cs_robot_description)
[2.599s] Level 1:colcon.colcon_core.environment:checking '/home/robot/project/ls65_ros/ls65/elite_ros_ws/install/eli_cs_robot_description' for CMake module files
[2.600s] Level 1:colcon.colcon_core.environment:checking '/home/robot/project/ls65_ros/ls65/elite_ros_ws/install/eli_cs_robot_description' for CMake config files
[2.600s] Level 1:colcon.colcon_core.shell:create_environment_hook('eli_cs_robot_description', 'cmake_prefix_path')
[2.601s] INFO:colcon.colcon_core.shell:Creating environment hook '/home/robot/project/ls65_ros/ls65/elite_ros_ws/install/eli_cs_robot_description/share/eli_cs_robot_description/hook/cmake_prefix_path.ps1'
[2.601s] INFO:colcon.colcon_core.shell:Creating environment descriptor '/home/robot/project/ls65_ros/ls65/elite_ros_ws/install/eli_cs_robot_description/share/eli_cs_robot_description/hook/cmake_prefix_path.dsv'
[2.602s] INFO:colcon.colcon_core.shell:Creating environment hook '/home/robot/project/ls65_ros/ls65/elite_ros_ws/install/eli_cs_robot_description/share/eli_cs_robot_description/hook/cmake_prefix_path.sh'
[2.602s] Level 1:colcon.colcon_core.environment:checking '/home/robot/project/ls65_ros/ls65/elite_ros_ws/install/eli_cs_robot_description/bin'
[2.602s] Level 1:colcon.colcon_core.environment:checking '/home/robot/project/ls65_ros/ls65/elite_ros_ws/install/eli_cs_robot_description/lib/pkgconfig/eli_cs_robot_description.pc'
[2.603s] Level 1:colcon.colcon_core.environment:checking '/home/robot/project/ls65_ros/ls65/elite_ros_ws/install/eli_cs_robot_description/lib/python3.10/site-packages'
[2.603s] Level 1:colcon.colcon_core.environment:checking '/home/robot/project/ls65_ros/ls65/elite_ros_ws/install/eli_cs_robot_description/bin'
[2.603s] INFO:colcon.colcon_core.shell:Creating package script '/home/robot/project/ls65_ros/ls65/elite_ros_ws/install/eli_cs_robot_description/share/eli_cs_robot_description/package.ps1'
[2.604s] INFO:colcon.colcon_core.shell:Creating package descriptor '/home/robot/project/ls65_ros/ls65/elite_ros_ws/install/eli_cs_robot_description/share/eli_cs_robot_description/package.dsv'
[2.605s] INFO:colcon.colcon_core.shell:Creating package script '/home/robot/project/ls65_ros/ls65/elite_ros_ws/install/eli_cs_robot_description/share/eli_cs_robot_description/package.sh'
[2.605s] INFO:colcon.colcon_core.shell:Creating package script '/home/robot/project/ls65_ros/ls65/elite_ros_ws/install/eli_cs_robot_description/share/eli_cs_robot_description/package.bash'
[2.606s] INFO:colcon.colcon_core.shell:Creating package script '/home/robot/project/ls65_ros/ls65/elite_ros_ws/install/eli_cs_robot_description/share/eli_cs_robot_description/package.zsh'
[2.606s] Level 1:colcon.colcon_core.environment:create_file_with_runtime_dependencies(/home/robot/project/ls65_ros/ls65/elite_ros_ws/install/eli_cs_robot_description/share/colcon-core/packages/eli_cs_robot_description)
[2.606s] INFO:colcon.colcon_ros.task.ament_cmake.build:Building ROS package in '/home/robot/project/ls65_ros/ls65/elite_ros_ws/src/eli_cs_robot_moveit_config' with build type 'ament_cmake'
[2.607s] INFO:colcon.colcon_cmake.task.cmake.build:Building CMake package in '/home/robot/project/ls65_ros/ls65/elite_ros_ws/src/eli_cs_robot_moveit_config'
[2.607s] INFO:colcon.colcon_core.shell:Skip shell extension 'powershell' for command environment: Not usable outside of PowerShell
[2.607s] DEBUG:colcon.colcon_core.shell:Skip shell extension 'dsv' for command environment
[2.613s] DEBUG:colcon.colcon_core.event_handler.log_command:Invoked command in '/home/robot/project/ls65_ros/ls65/elite_ros_ws/build/eli_cs_robot_calibration' returned '0': CMAKE_PREFIX_PATH=${CMAKE_PREFIX_PATH}:/opt/ros/humble /usr/bin/cmake --build /home/robot/project/ls65_ros/ls65/elite_ros_ws/build/eli_cs_robot_calibration -- -j16 -l16
[2.615s] DEBUG:colcon.colcon_core.event_handler.log_command:Invoking command in '/home/robot/project/ls65_ros/ls65/elite_ros_ws/build/eli_cs_robot_calibration': CMAKE_PREFIX_PATH=${CMAKE_PREFIX_PATH}:/opt/ros/humble /usr/bin/cmake --install /home/robot/project/ls65_ros/ls65/elite_ros_ws/build/eli_cs_robot_calibration
[2.619s] DEBUG:colcon.colcon_core.event_handler.log_command:Invoking command in '/home/robot/project/ls65_ros/ls65/elite_ros_ws/build/eli_cs_robot_moveit_config': CMAKE_PREFIX_PATH=/home/robot/project/ls65_ros/ls65/elite_ros_ws/install/eli_cs_robot_description:/home/robot/project/ls65_ros/ls65/elite_ros_ws/install/eli_cs_robot_driver:/home/robot/project/ls65_ros/ls65/elite_ros_ws/install/eli_dashboard_interface:/home/robot/project/ls65_ros/ls65/elite_ros_ws/install/eli_cs_robot_simulation_gz:/home/robot/project/ls65_ros/ls65/elite_ros_ws/install/eli_cs_robot_moveit_config:/home/robot/project/ls65_ros/ls65/elite_ros_ws/install/eli_cs_robot_calibration:/home/robot/project/ls65_ros/ls65/elite_ros_ws/install/eli_cs_controllers:/home/robot/project/ls65_ros/ls65/elite_ros_ws/install/eli_common_interface:/opt/ros/humble /usr/bin/cmake --build /home/robot/project/ls65_ros/ls65/elite_ros_ws/build/eli_cs_robot_moveit_config -- -j16 -l16
[2.627s] Level 1:colcon.colcon_core.environment:create_environment_scripts_only(eli_cs_robot_calibration)
[2.627s] Level 1:colcon.colcon_core.environment:checking '/home/robot/project/ls65_ros/ls65/elite_ros_ws/install/eli_cs_robot_calibration' for CMake module files
[2.627s] DEBUG:colcon.colcon_core.event_handler.log_command:Invoked command in '/home/robot/project/ls65_ros/ls65/elite_ros_ws/build/eli_cs_robot_calibration' returned '0': CMAKE_PREFIX_PATH=${CMAKE_PREFIX_PATH}:/opt/ros/humble /usr/bin/cmake --install /home/robot/project/ls65_ros/ls65/elite_ros_ws/build/eli_cs_robot_calibration
[2.628s] Level 1:colcon.colcon_core.environment:checking '/home/robot/project/ls65_ros/ls65/elite_ros_ws/install/eli_cs_robot_calibration' for CMake config files
[2.628s] Level 1:colcon.colcon_core.shell:create_environment_hook('eli_cs_robot_calibration', 'cmake_prefix_path')
[2.629s] INFO:colcon.colcon_core.shell:Creating environment hook '/home/robot/project/ls65_ros/ls65/elite_ros_ws/install/eli_cs_robot_calibration/share/eli_cs_robot_calibration/hook/cmake_prefix_path.ps1'
[2.629s] INFO:colcon.colcon_core.shell:Creating environment descriptor '/home/robot/project/ls65_ros/ls65/elite_ros_ws/install/eli_cs_robot_calibration/share/eli_cs_robot_calibration/hook/cmake_prefix_path.dsv'
[2.630s] INFO:colcon.colcon_core.shell:Creating environment hook '/home/robot/project/ls65_ros/ls65/elite_ros_ws/install/eli_cs_robot_calibration/share/eli_cs_robot_calibration/hook/cmake_prefix_path.sh'
[2.630s] Level 1:colcon.colcon_core.environment:checking '/home/robot/project/ls65_ros/ls65/elite_ros_ws/install/eli_cs_robot_calibration/lib'
[2.631s] Level 1:colcon.colcon_core.environment:checking '/home/robot/project/ls65_ros/ls65/elite_ros_ws/install/eli_cs_robot_calibration/bin'
[2.631s] Level 1:colcon.colcon_core.environment:checking '/home/robot/project/ls65_ros/ls65/elite_ros_ws/install/eli_cs_robot_calibration/lib/pkgconfig/eli_cs_robot_calibration.pc'
[2.631s] Level 1:colcon.colcon_core.environment:checking '/home/robot/project/ls65_ros/ls65/elite_ros_ws/install/eli_cs_robot_calibration/lib/python3.10/site-packages'
[2.631s] Level 1:colcon.colcon_core.environment:checking '/home/robot/project/ls65_ros/ls65/elite_ros_ws/install/eli_cs_robot_calibration/bin'
[2.632s] INFO:colcon.colcon_core.shell:Creating package script '/home/robot/project/ls65_ros/ls65/elite_ros_ws/install/eli_cs_robot_calibration/share/eli_cs_robot_calibration/package.ps1'
[2.632s] INFO:colcon.colcon_core.shell:Creating package descriptor '/home/robot/project/ls65_ros/ls65/elite_ros_ws/install/eli_cs_robot_calibration/share/eli_cs_robot_calibration/package.dsv'
[2.633s] INFO:colcon.colcon_core.shell:Creating package script '/home/robot/project/ls65_ros/ls65/elite_ros_ws/install/eli_cs_robot_calibration/share/eli_cs_robot_calibration/package.sh'
[2.634s] INFO:colcon.colcon_core.shell:Creating package script '/home/robot/project/ls65_ros/ls65/elite_ros_ws/install/eli_cs_robot_calibration/share/eli_cs_robot_calibration/package.bash'
[2.634s] INFO:colcon.colcon_core.shell:Creating package script '/home/robot/project/ls65_ros/ls65/elite_ros_ws/install/eli_cs_robot_calibration/share/eli_cs_robot_calibration/package.zsh'
[2.635s] Level 1:colcon.colcon_core.environment:create_file_with_runtime_dependencies(/home/robot/project/ls65_ros/ls65/elite_ros_ws/install/eli_cs_robot_calibration/share/colcon-core/packages/eli_cs_robot_calibration)
[2.636s] Level 1:colcon.colcon_core.environment:create_environment_scripts_only(eli_cs_robot_calibration)
[2.636s] Level 1:colcon.colcon_core.environment:checking '/home/robot/project/ls65_ros/ls65/elite_ros_ws/install/eli_cs_robot_calibration' for CMake module files
[2.636s] Level 1:colcon.colcon_core.environment:checking '/home/robot/project/ls65_ros/ls65/elite_ros_ws/install/eli_cs_robot_calibration' for CMake config files
[2.637s] Level 1:colcon.colcon_core.shell:create_environment_hook('eli_cs_robot_calibration', 'cmake_prefix_path')
[2.637s] INFO:colcon.colcon_core.shell:Creating environment hook '/home/robot/project/ls65_ros/ls65/elite_ros_ws/install/eli_cs_robot_calibration/share/eli_cs_robot_calibration/hook/cmake_prefix_path.ps1'
[2.637s] INFO:colcon.colcon_core.shell:Creating environment descriptor '/home/robot/project/ls65_ros/ls65/elite_ros_ws/install/eli_cs_robot_calibration/share/eli_cs_robot_calibration/hook/cmake_prefix_path.dsv'
[2.638s] INFO:colcon.colcon_core.shell:Creating environment hook '/home/robot/project/ls65_ros/ls65/elite_ros_ws/install/eli_cs_robot_calibration/share/eli_cs_robot_calibration/hook/cmake_prefix_path.sh'
[2.638s] Level 1:colcon.colcon_core.environment:checking '/home/robot/project/ls65_ros/ls65/elite_ros_ws/install/eli_cs_robot_calibration/lib'
[2.639s] Level 1:colcon.colcon_core.environment:checking '/home/robot/project/ls65_ros/ls65/elite_ros_ws/install/eli_cs_robot_calibration/bin'
[2.639s] Level 1:colcon.colcon_core.environment:checking '/home/robot/project/ls65_ros/ls65/elite_ros_ws/install/eli_cs_robot_calibration/lib/pkgconfig/eli_cs_robot_calibration.pc'
[2.639s] Level 1:colcon.colcon_core.environment:checking '/home/robot/project/ls65_ros/ls65/elite_ros_ws/install/eli_cs_robot_calibration/lib/python3.10/site-packages'
[2.639s] Level 1:colcon.colcon_core.environment:checking '/home/robot/project/ls65_ros/ls65/elite_ros_ws/install/eli_cs_robot_calibration/bin'
[2.640s] INFO:colcon.colcon_core.shell:Creating package script '/home/robot/project/ls65_ros/ls65/elite_ros_ws/install/eli_cs_robot_calibration/share/eli_cs_robot_calibration/package.ps1'
[2.640s] INFO:colcon.colcon_core.shell:Creating package descriptor '/home/robot/project/ls65_ros/ls65/elite_ros_ws/install/eli_cs_robot_calibration/share/eli_cs_robot_calibration/package.dsv'
[2.641s] INFO:colcon.colcon_core.shell:Creating package script '/home/robot/project/ls65_ros/ls65/elite_ros_ws/install/eli_cs_robot_calibration/share/eli_cs_robot_calibration/package.sh'
[2.642s] INFO:colcon.colcon_core.shell:Creating package script '/home/robot/project/ls65_ros/ls65/elite_ros_ws/install/eli_cs_robot_calibration/share/eli_cs_robot_calibration/package.bash'
[2.642s] INFO:colcon.colcon_core.shell:Creating package script '/home/robot/project/ls65_ros/ls65/elite_ros_ws/install/eli_cs_robot_calibration/share/eli_cs_robot_calibration/package.zsh'
[2.643s] Level 1:colcon.colcon_core.environment:create_file_with_runtime_dependencies(/home/robot/project/ls65_ros/ls65/elite_ros_ws/install/eli_cs_robot_calibration/share/colcon-core/packages/eli_cs_robot_calibration)
[2.774s] DEBUG:colcon.colcon_core.event_handler.log_command:Invoked command in '/home/robot/project/ls65_ros/ls65/elite_ros_ws/build/eli_common_interface' returned '0': CMAKE_PREFIX_PATH=${CMAKE_PREFIX_PATH}:/opt/ros/humble /usr/bin/cmake --build /home/robot/project/ls65_ros/ls65/elite_ros_ws/build/eli_common_interface -- -j16 -l16
[2.775s] DEBUG:colcon.colcon_core.event_handler.log_command:Invoking command in '/home/robot/project/ls65_ros/ls65/elite_ros_ws/build/eli_common_interface': CMAKE_PREFIX_PATH=${CMAKE_PREFIX_PATH}:/opt/ros/humble /usr/bin/cmake --install /home/robot/project/ls65_ros/ls65/elite_ros_ws/build/eli_common_interface
[2.809s] DEBUG:colcon.colcon_core.event_handler.log_command:Invoked command in '/home/robot/project/ls65_ros/ls65/elite_ros_ws/build/eli_dashboard_interface' returned '0': CMAKE_PREFIX_PATH=${CMAKE_PREFIX_PATH}:/opt/ros/humble /usr/bin/cmake --build /home/robot/project/ls65_ros/ls65/elite_ros_ws/build/eli_dashboard_interface -- -j16 -l16
[2.811s] DEBUG:colcon.colcon_core.event_handler.log_command:Invoking command in '/home/robot/project/ls65_ros/ls65/elite_ros_ws/build/eli_dashboard_interface': CMAKE_PREFIX_PATH=${CMAKE_PREFIX_PATH}:/opt/ros/humble /usr/bin/cmake --install /home/robot/project/ls65_ros/ls65/elite_ros_ws/build/eli_dashboard_interface
[2.830s] Level 1:colcon.colcon_core.environment:create_environment_scripts_only(eli_common_interface)
[2.831s] Level 1:colcon.colcon_core.environment:checking '/home/robot/project/ls65_ros/ls65/elite_ros_ws/install/eli_common_interface' for CMake module files
[2.833s] Level 1:colcon.colcon_core.environment:checking '/home/robot/project/ls65_ros/ls65/elite_ros_ws/install/eli_common_interface' for CMake config files
[2.835s] Level 1:colcon.colcon_core.shell:create_environment_hook('eli_common_interface', 'cmake_prefix_path')
[2.835s] INFO:colcon.colcon_core.shell:Creating environment hook '/home/robot/project/ls65_ros/ls65/elite_ros_ws/install/eli_common_interface/share/eli_common_interface/hook/cmake_prefix_path.ps1'
[2.836s] INFO:colcon.colcon_core.shell:Creating environment descriptor '/home/robot/project/ls65_ros/ls65/elite_ros_ws/install/eli_common_interface/share/eli_common_interface/hook/cmake_prefix_path.dsv'
[2.836s] INFO:colcon.colcon_core.shell:Creating environment hook '/home/robot/project/ls65_ros/ls65/elite_ros_ws/install/eli_common_interface/share/eli_common_interface/hook/cmake_prefix_path.sh'
[2.837s] Level 1:colcon.colcon_core.environment:checking '/home/robot/project/ls65_ros/ls65/elite_ros_ws/install/eli_common_interface/lib'
[2.837s] Level 1:colcon.colcon_core.shell:create_environment_hook('eli_common_interface', 'ld_library_path_lib')
[2.837s] INFO:colcon.colcon_core.shell:Creating environment hook '/home/robot/project/ls65_ros/ls65/elite_ros_ws/install/eli_common_interface/share/eli_common_interface/hook/ld_library_path_lib.ps1'
[2.837s] INFO:colcon.colcon_core.shell:Creating environment descriptor '/home/robot/project/ls65_ros/ls65/elite_ros_ws/install/eli_common_interface/share/eli_common_interface/hook/ld_library_path_lib.dsv'
[2.838s] INFO:colcon.colcon_core.shell:Creating environment hook '/home/robot/project/ls65_ros/ls65/elite_ros_ws/install/eli_common_interface/share/eli_common_interface/hook/ld_library_path_lib.sh'
[2.838s] Level 1:colcon.colcon_core.environment:checking '/home/robot/project/ls65_ros/ls65/elite_ros_ws/install/eli_common_interface/bin'
[2.838s] Level 1:colcon.colcon_core.environment:checking '/home/robot/project/ls65_ros/ls65/elite_ros_ws/install/eli_common_interface/lib/pkgconfig/eli_common_interface.pc'
[2.839s] Level 1:colcon.colcon_core.environment:checking '/home/robot/project/ls65_ros/ls65/elite_ros_ws/install/eli_common_interface/lib/python3.10/site-packages'
[2.839s] Level 1:colcon.colcon_core.environment:checking '/home/robot/project/ls65_ros/ls65/elite_ros_ws/install/eli_common_interface/bin'
[2.839s] INFO:colcon.colcon_core.shell:Creating package script '/home/robot/project/ls65_ros/ls65/elite_ros_ws/install/eli_common_interface/share/eli_common_interface/package.ps1'
[2.840s] INFO:colcon.colcon_core.shell:Creating package descriptor '/home/robot/project/ls65_ros/ls65/elite_ros_ws/install/eli_common_interface/share/eli_common_interface/package.dsv'
[2.840s] INFO:colcon.colcon_core.shell:Creating package script '/home/robot/project/ls65_ros/ls65/elite_ros_ws/install/eli_common_interface/share/eli_common_interface/package.sh'
[2.840s] INFO:colcon.colcon_core.shell:Creating package script '/home/robot/project/ls65_ros/ls65/elite_ros_ws/install/eli_common_interface/share/eli_common_interface/package.bash'
[2.841s] INFO:colcon.colcon_core.shell:Creating package script '/home/robot/project/ls65_ros/ls65/elite_ros_ws/install/eli_common_interface/share/eli_common_interface/package.zsh'
[2.841s] Level 1:colcon.colcon_core.environment:create_file_with_runtime_dependencies(/home/robot/project/ls65_ros/ls65/elite_ros_ws/install/eli_common_interface/share/colcon-core/packages/eli_common_interface)
[2.842s] Level 1:colcon.colcon_core.environment:create_environment_scripts_only(eli_common_interface)
[2.842s] Level 1:colcon.colcon_core.environment:checking '/home/robot/project/ls65_ros/ls65/elite_ros_ws/install/eli_common_interface' for CMake module files
[2.842s] Level 1:colcon.colcon_core.environment:checking '/home/robot/project/ls65_ros/ls65/elite_ros_ws/install/eli_common_interface' for CMake config files
[2.845s] DEBUG:colcon.colcon_core.event_handler.log_command:Invoked command in '/home/robot/project/ls65_ros/ls65/elite_ros_ws/build/eli_common_interface' returned '0': CMAKE_PREFIX_PATH=${CMAKE_PREFIX_PATH}:/opt/ros/humble /usr/bin/cmake --install /home/robot/project/ls65_ros/ls65/elite_ros_ws/build/eli_common_interface
[2.845s] Level 1:colcon.colcon_core.shell:create_environment_hook('eli_common_interface', 'cmake_prefix_path')
[2.846s] INFO:colcon.colcon_core.shell:Creating environment hook '/home/robot/project/ls65_ros/ls65/elite_ros_ws/install/eli_common_interface/share/eli_common_interface/hook/cmake_prefix_path.ps1'
[2.846s] INFO:colcon.colcon_core.shell:Creating environment descriptor '/home/robot/project/ls65_ros/ls65/elite_ros_ws/install/eli_common_interface/share/eli_common_interface/hook/cmake_prefix_path.dsv'
[2.846s] INFO:colcon.colcon_core.shell:Creating environment hook '/home/robot/project/ls65_ros/ls65/elite_ros_ws/install/eli_common_interface/share/eli_common_interface/hook/cmake_prefix_path.sh'
[2.846s] Level 1:colcon.colcon_core.environment:checking '/home/robot/project/ls65_ros/ls65/elite_ros_ws/install/eli_common_interface/lib'
[2.846s] Level 1:colcon.colcon_core.shell:create_environment_hook('eli_common_interface', 'ld_library_path_lib')
[2.847s] INFO:colcon.colcon_core.shell:Creating environment hook '/home/robot/project/ls65_ros/ls65/elite_ros_ws/install/eli_common_interface/share/eli_common_interface/hook/ld_library_path_lib.ps1'
[2.847s] INFO:colcon.colcon_core.shell:Creating environment descriptor '/home/robot/project/ls65_ros/ls65/elite_ros_ws/install/eli_common_interface/share/eli_common_interface/hook/ld_library_path_lib.dsv'
[2.847s] INFO:colcon.colcon_core.shell:Creating environment hook '/home/robot/project/ls65_ros/ls65/elite_ros_ws/install/eli_common_interface/share/eli_common_interface/hook/ld_library_path_lib.sh'
[2.847s] Level 1:colcon.colcon_core.environment:checking '/home/robot/project/ls65_ros/ls65/elite_ros_ws/install/eli_common_interface/bin'
[2.847s] Level 1:colcon.colcon_core.environment:checking '/home/robot/project/ls65_ros/ls65/elite_ros_ws/install/eli_common_interface/lib/pkgconfig/eli_common_interface.pc'
[2.848s] Level 1:colcon.colcon_core.environment:checking '/home/robot/project/ls65_ros/ls65/elite_ros_ws/install/eli_common_interface/lib/python3.10/site-packages'
[2.848s] Level 1:colcon.colcon_core.environment:checking '/home/robot/project/ls65_ros/ls65/elite_ros_ws/install/eli_common_interface/bin'
[2.848s] INFO:colcon.colcon_core.shell:Creating package script '/home/robot/project/ls65_ros/ls65/elite_ros_ws/install/eli_common_interface/share/eli_common_interface/package.ps1'
[2.848s] INFO:colcon.colcon_core.shell:Creating package descriptor '/home/robot/project/ls65_ros/ls65/elite_ros_ws/install/eli_common_interface/share/eli_common_interface/package.dsv'
[2.849s] INFO:colcon.colcon_core.shell:Creating package script '/home/robot/project/ls65_ros/ls65/elite_ros_ws/install/eli_common_interface/share/eli_common_interface/package.sh'
[2.849s] INFO:colcon.colcon_core.shell:Creating package script '/home/robot/project/ls65_ros/ls65/elite_ros_ws/install/eli_common_interface/share/eli_common_interface/package.bash'
[2.849s] INFO:colcon.colcon_core.shell:Creating package script '/home/robot/project/ls65_ros/ls65/elite_ros_ws/install/eli_common_interface/share/eli_common_interface/package.zsh'
[2.849s] Level 1:colcon.colcon_core.environment:create_file_with_runtime_dependencies(/home/robot/project/ls65_ros/ls65/elite_ros_ws/install/eli_common_interface/share/colcon-core/packages/eli_common_interface)
[2.850s] INFO:colcon.colcon_ros.task.ament_cmake.build:Building ROS package in '/home/robot/project/ls65_ros/ls65/elite_ros_ws/src/eli_cs_controllers' with build type 'ament_cmake'
[2.850s] INFO:colcon.colcon_cmake.task.cmake.build:Building CMake package in '/home/robot/project/ls65_ros/ls65/elite_ros_ws/src/eli_cs_controllers'
[2.850s] INFO:colcon.colcon_core.shell:Skip shell extension 'powershell' for command environment: Not usable outside of PowerShell
[2.850s] DEBUG:colcon.colcon_core.shell:Skip shell extension 'dsv' for command environment
[2.861s] DEBUG:colcon.colcon_core.event_handler.log_command:Invoking command in '/home/robot/project/ls65_ros/ls65/elite_ros_ws/build/eli_cs_controllers': CMAKE_PREFIX_PATH=/home/robot/project/ls65_ros/ls65/elite_ros_ws/install/eli_common_interface:/home/robot/project/ls65_ros/ls65/elite_ros_ws/install/eli_cs_robot_driver:/home/robot/project/ls65_ros/ls65/elite_ros_ws/install/eli_dashboard_interface:/home/robot/project/ls65_ros/ls65/elite_ros_ws/install/eli_cs_robot_simulation_gz:/home/robot/project/ls65_ros/ls65/elite_ros_ws/install/eli_cs_robot_moveit_config:/home/robot/project/ls65_ros/ls65/elite_ros_ws/install/eli_cs_robot_description:/home/robot/project/ls65_ros/ls65/elite_ros_ws/install/eli_cs_robot_calibration:/home/robot/project/ls65_ros/ls65/elite_ros_ws/install/eli_cs_controllers:/opt/ros/humble LD_LIBRARY_PATH=/home/robot/project/ls65_ros/ls65/elite_ros_ws/install/eli_common_interface/lib:/home/robot/project/ls65_ros/ls65/elite_ros_ws/install/eli_cs_robot_driver/lib:/home/robot/project/ls65_ros/ls65/elite_ros_ws/install/eli_dashboard_interface/lib:/home/robot/project/ls65_ros/ls65/elite_ros_ws/install/eli_cs_controllers/lib:/path/to/cuda-12.4/lib64:/usr/lib/x86_64-linux-gnu/gazebo-11/plugins:/opt/ros/humble/opt/rviz_ogre_vendor/lib:/opt/ros/humble/lib/x86_64-linux-gnu:/opt/ros/humble/lib:/path/to/cuda-12.1/lib64:/home/robot/software/mujoco-3.3.7/mujoco-3.3.7-linux-x86_64/mujoco-3.3.7/lib /usr/bin/cmake --build /home/robot/project/ls65_ros/ls65/elite_ros_ws/build/eli_cs_controllers -- -j16 -l16
[2.873s] Level 1:colcon.colcon_core.environment:create_environment_scripts_only(eli_dashboard_interface)
[2.873s] Level 1:colcon.colcon_core.environment:checking '/home/robot/project/ls65_ros/ls65/elite_ros_ws/install/eli_dashboard_interface' for CMake module files
[2.874s] DEBUG:colcon.colcon_core.event_handler.log_command:Invoked command in '/home/robot/project/ls65_ros/ls65/elite_ros_ws/build/eli_dashboard_interface' returned '0': CMAKE_PREFIX_PATH=${CMAKE_PREFIX_PATH}:/opt/ros/humble /usr/bin/cmake --install /home/robot/project/ls65_ros/ls65/elite_ros_ws/build/eli_dashboard_interface
[2.874s] Level 1:colcon.colcon_core.environment:checking '/home/robot/project/ls65_ros/ls65/elite_ros_ws/install/eli_dashboard_interface' for CMake config files
[2.875s] Level 1:colcon.colcon_core.shell:create_environment_hook('eli_dashboard_interface', 'cmake_prefix_path')
[2.875s] INFO:colcon.colcon_core.shell:Creating environment hook '/home/robot/project/ls65_ros/ls65/elite_ros_ws/install/eli_dashboard_interface/share/eli_dashboard_interface/hook/cmake_prefix_path.ps1'
[2.876s] INFO:colcon.colcon_core.shell:Creating environment descriptor '/home/robot/project/ls65_ros/ls65/elite_ros_ws/install/eli_dashboard_interface/share/eli_dashboard_interface/hook/cmake_prefix_path.dsv'
[2.876s] INFO:colcon.colcon_core.shell:Creating environment hook '/home/robot/project/ls65_ros/ls65/elite_ros_ws/install/eli_dashboard_interface/share/eli_dashboard_interface/hook/cmake_prefix_path.sh'
[2.877s] Level 1:colcon.colcon_core.environment:checking '/home/robot/project/ls65_ros/ls65/elite_ros_ws/install/eli_dashboard_interface/lib'
[2.877s] Level 1:colcon.colcon_core.shell:create_environment_hook('eli_dashboard_interface', 'ld_library_path_lib')
[2.877s] INFO:colcon.colcon_core.shell:Creating environment hook '/home/robot/project/ls65_ros/ls65/elite_ros_ws/install/eli_dashboard_interface/share/eli_dashboard_interface/hook/ld_library_path_lib.ps1'
[2.878s] INFO:colcon.colcon_core.shell:Creating environment descriptor '/home/robot/project/ls65_ros/ls65/elite_ros_ws/install/eli_dashboard_interface/share/eli_dashboard_interface/hook/ld_library_path_lib.dsv'
[2.878s] INFO:colcon.colcon_core.shell:Creating environment hook '/home/robot/project/ls65_ros/ls65/elite_ros_ws/install/eli_dashboard_interface/share/eli_dashboard_interface/hook/ld_library_path_lib.sh'
[2.879s] Level 1:colcon.colcon_core.environment:checking '/home/robot/project/ls65_ros/ls65/elite_ros_ws/install/eli_dashboard_interface/bin'
[2.879s] Level 1:colcon.colcon_core.environment:checking '/home/robot/project/ls65_ros/ls65/elite_ros_ws/install/eli_dashboard_interface/lib/pkgconfig/eli_dashboard_interface.pc'
[2.879s] Level 1:colcon.colcon_core.environment:checking '/home/robot/project/ls65_ros/ls65/elite_ros_ws/install/eli_dashboard_interface/lib/python3.10/site-packages'
[2.880s] Level 1:colcon.colcon_core.environment:checking '/home/robot/project/ls65_ros/ls65/elite_ros_ws/install/eli_dashboard_interface/bin'
[2.880s] INFO:colcon.colcon_core.shell:Creating package script '/home/robot/project/ls65_ros/ls65/elite_ros_ws/install/eli_dashboard_interface/share/eli_dashboard_interface/package.ps1'
[2.881s] INFO:colcon.colcon_core.shell:Creating package descriptor '/home/robot/project/ls65_ros/ls65/elite_ros_ws/install/eli_dashboard_interface/share/eli_dashboard_interface/package.dsv'
[2.881s] INFO:colcon.colcon_core.shell:Creating package script '/home/robot/project/ls65_ros/ls65/elite_ros_ws/install/eli_dashboard_interface/share/eli_dashboard_interface/package.sh'
[2.881s] INFO:colcon.colcon_core.shell:Creating package script '/home/robot/project/ls65_ros/ls65/elite_ros_ws/install/eli_dashboard_interface/share/eli_dashboard_interface/package.bash'
[2.881s] INFO:colcon.colcon_core.shell:Creating package script '/home/robot/project/ls65_ros/ls65/elite_ros_ws/install/eli_dashboard_interface/share/eli_dashboard_interface/package.zsh'
[2.882s] Level 1:colcon.colcon_core.environment:create_file_with_runtime_dependencies(/home/robot/project/ls65_ros/ls65/elite_ros_ws/install/eli_dashboard_interface/share/colcon-core/packages/eli_dashboard_interface)
[2.882s] Level 1:colcon.colcon_core.environment:create_environment_scripts_only(eli_dashboard_interface)
[2.882s] Level 1:colcon.colcon_core.environment:checking '/home/robot/project/ls65_ros/ls65/elite_ros_ws/install/eli_dashboard_interface' for CMake module files
[2.883s] Level 1:colcon.colcon_core.environment:checking '/home/robot/project/ls65_ros/ls65/elite_ros_ws/install/eli_dashboard_interface' for CMake config files
[2.883s] Level 1:colcon.colcon_core.shell:create_environment_hook('eli_dashboard_interface', 'cmake_prefix_path')
[2.883s] INFO:colcon.colcon_core.shell:Creating environment hook '/home/robot/project/ls65_ros/ls65/elite_ros_ws/install/eli_dashboard_interface/share/eli_dashboard_interface/hook/cmake_prefix_path.ps1'
[2.884s] INFO:colcon.colcon_core.shell:Creating environment descriptor '/home/robot/project/ls65_ros/ls65/elite_ros_ws/install/eli_dashboard_interface/share/eli_dashboard_interface/hook/cmake_prefix_path.dsv'
[2.884s] INFO:colcon.colcon_core.shell:Creating environment hook '/home/robot/project/ls65_ros/ls65/elite_ros_ws/install/eli_dashboard_interface/share/eli_dashboard_interface/hook/cmake_prefix_path.sh'
[2.885s] Level 1:colcon.colcon_core.environment:checking '/home/robot/project/ls65_ros/ls65/elite_ros_ws/install/eli_dashboard_interface/lib'
[2.885s] Level 1:colcon.colcon_core.shell:create_environment_hook('eli_dashboard_interface', 'ld_library_path_lib')
[2.885s] INFO:colcon.colcon_core.shell:Creating environment hook '/home/robot/project/ls65_ros/ls65/elite_ros_ws/install/eli_dashboard_interface/share/eli_dashboard_interface/hook/ld_library_path_lib.ps1'
[2.885s] INFO:colcon.colcon_core.shell:Creating environment descriptor '/home/robot/project/ls65_ros/ls65/elite_ros_ws/install/eli_dashboard_interface/share/eli_dashboard_interface/hook/ld_library_path_lib.dsv'
[2.886s] INFO:colcon.colcon_core.shell:Creating environment hook '/home/robot/project/ls65_ros/ls65/elite_ros_ws/install/eli_dashboard_interface/share/eli_dashboard_interface/hook/ld_library_path_lib.sh'
[2.886s] Level 1:colcon.colcon_core.environment:checking '/home/robot/project/ls65_ros/ls65/elite_ros_ws/install/eli_dashboard_interface/bin'
[2.886s] Level 1:colcon.colcon_core.environment:checking '/home/robot/project/ls65_ros/ls65/elite_ros_ws/install/eli_dashboard_interface/lib/pkgconfig/eli_dashboard_interface.pc'
[2.886s] Level 1:colcon.colcon_core.environment:checking '/home/robot/project/ls65_ros/ls65/elite_ros_ws/install/eli_dashboard_interface/lib/python3.10/site-packages'
[2.886s] Level 1:colcon.colcon_core.environment:checking '/home/robot/project/ls65_ros/ls65/elite_ros_ws/install/eli_dashboard_interface/bin'
[2.887s] INFO:colcon.colcon_core.shell:Creating package script '/home/robot/project/ls65_ros/ls65/elite_ros_ws/install/eli_dashboard_interface/share/eli_dashboard_interface/package.ps1'
[2.887s] INFO:colcon.colcon_core.shell:Creating package descriptor '/home/robot/project/ls65_ros/ls65/elite_ros_ws/install/eli_dashboard_interface/share/eli_dashboard_interface/package.dsv'
[2.887s] INFO:colcon.colcon_core.shell:Creating package script '/home/robot/project/ls65_ros/ls65/elite_ros_ws/install/eli_dashboard_interface/share/eli_dashboard_interface/package.sh'
[2.888s] INFO:colcon.colcon_core.shell:Creating package script '/home/robot/project/ls65_ros/ls65/elite_ros_ws/install/eli_dashboard_interface/share/eli_dashboard_interface/package.bash'
[2.888s] INFO:colcon.colcon_core.shell:Creating package script '/home/robot/project/ls65_ros/ls65/elite_ros_ws/install/eli_dashboard_interface/share/eli_dashboard_interface/package.zsh'
[2.888s] Level 1:colcon.colcon_core.environment:create_file_with_runtime_dependencies(/home/robot/project/ls65_ros/ls65/elite_ros_ws/install/eli_dashboard_interface/share/colcon-core/packages/eli_dashboard_interface)
[2.889s] INFO:colcon.colcon_ros.task.ament_cmake.build:Building ROS package in '/home/robot/project/ls65_ros/ls65/elite_ros_ws/src/eli_cs_robot_driver' with build type 'ament_cmake'
[2.889s] INFO:colcon.colcon_cmake.task.cmake.build:Building CMake package in '/home/robot/project/ls65_ros/ls65/elite_ros_ws/src/eli_cs_robot_driver'
[2.889s] INFO:colcon.colcon_core.shell:Skip shell extension 'powershell' for command environment: Not usable outside of PowerShell
[2.889s] DEBUG:colcon.colcon_core.shell:Skip shell extension 'dsv' for command environment
[2.896s] DEBUG:colcon.colcon_core.event_handler.log_command:Invoked command in '/home/robot/project/ls65_ros/ls65/elite_ros_ws/build/eli_cs_robot_moveit_config' returned '0': CMAKE_PREFIX_PATH=/home/robot/project/ls65_ros/ls65/elite_ros_ws/install/eli_cs_robot_description:/home/robot/project/ls65_ros/ls65/elite_ros_ws/install/eli_cs_robot_driver:/home/robot/project/ls65_ros/ls65/elite_ros_ws/install/eli_dashboard_interface:/home/robot/project/ls65_ros/ls65/elite_ros_ws/install/eli_cs_robot_simulation_gz:/home/robot/project/ls65_ros/ls65/elite_ros_ws/install/eli_cs_robot_moveit_config:/home/robot/project/ls65_ros/ls65/elite_ros_ws/install/eli_cs_robot_calibration:/home/robot/project/ls65_ros/ls65/elite_ros_ws/install/eli_cs_controllers:/home/robot/project/ls65_ros/ls65/elite_ros_ws/install/eli_common_interface:/opt/ros/humble /usr/bin/cmake --build /home/robot/project/ls65_ros/ls65/elite_ros_ws/build/eli_cs_robot_moveit_config -- -j16 -l16
[2.898s] DEBUG:colcon.colcon_core.event_handler.log_command:Invoking command in '/home/robot/project/ls65_ros/ls65/elite_ros_ws/build/eli_cs_robot_moveit_config': CMAKE_PREFIX_PATH=/home/robot/project/ls65_ros/ls65/elite_ros_ws/install/eli_cs_robot_description:/home/robot/project/ls65_ros/ls65/elite_ros_ws/install/eli_cs_robot_driver:/home/robot/project/ls65_ros/ls65/elite_ros_ws/install/eli_dashboard_interface:/home/robot/project/ls65_ros/ls65/elite_ros_ws/install/eli_cs_robot_simulation_gz:/home/robot/project/ls65_ros/ls65/elite_ros_ws/install/eli_cs_robot_moveit_config:/home/robot/project/ls65_ros/ls65/elite_ros_ws/install/eli_cs_robot_calibration:/home/robot/project/ls65_ros/ls65/elite_ros_ws/install/eli_cs_controllers:/home/robot/project/ls65_ros/ls65/elite_ros_ws/install/eli_common_interface:/opt/ros/humble /usr/bin/cmake --install /home/robot/project/ls65_ros/ls65/elite_ros_ws/build/eli_cs_robot_moveit_config
[2.907s] DEBUG:colcon.colcon_core.event_handler.log_command:Invoking command in '/home/robot/project/ls65_ros/ls65/elite_ros_ws/build/eli_cs_robot_driver': CMAKE_PREFIX_PATH=/home/robot/project/ls65_ros/ls65/elite_ros_ws/install/eli_dashboard_interface:/home/robot/project/ls65_ros/ls65/elite_ros_ws/install/eli_cs_robot_description:/home/robot/project/ls65_ros/ls65/elite_ros_ws/install/eli_common_interface:/home/robot/project/ls65_ros/ls65/elite_ros_ws/install/eli_cs_robot_driver:/home/robot/project/ls65_ros/ls65/elite_ros_ws/install/eli_cs_robot_simulation_gz:/home/robot/project/ls65_ros/ls65/elite_ros_ws/install/eli_cs_robot_moveit_config:/home/robot/project/ls65_ros/ls65/elite_ros_ws/install/eli_cs_robot_calibration:/home/robot/project/ls65_ros/ls65/elite_ros_ws/install/eli_cs_controllers:/opt/ros/humble LD_LIBRARY_PATH=/home/robot/project/ls65_ros/ls65/elite_ros_ws/install/eli_dashboard_interface/lib:/home/robot/project/ls65_ros/ls65/elite_ros_ws/install/eli_common_interface/lib:/home/robot/project/ls65_ros/ls65/elite_ros_ws/install/eli_cs_robot_driver/lib:/home/robot/project/ls65_ros/ls65/elite_ros_ws/install/eli_cs_controllers/lib:/path/to/cuda-12.4/lib64:/usr/lib/x86_64-linux-gnu/gazebo-11/plugins:/opt/ros/humble/opt/rviz_ogre_vendor/lib:/opt/ros/humble/lib/x86_64-linux-gnu:/opt/ros/humble/lib:/path/to/cuda-12.1/lib64:/home/robot/software/mujoco-3.3.7/mujoco-3.3.7-linux-x86_64/mujoco-3.3.7/lib /usr/bin/cmake --build /home/robot/project/ls65_ros/ls65/elite_ros_ws/build/eli_cs_robot_driver -- -j16 -l16
[2.968s] DEBUG:colcon.colcon_core.event_handler.log_command:Invoked command in '/home/robot/project/ls65_ros/ls65/elite_ros_ws/build/eli_cs_controllers' returned '0': CMAKE_PREFIX_PATH=/home/robot/project/ls65_ros/ls65/elite_ros_ws/install/eli_common_interface:/home/robot/project/ls65_ros/ls65/elite_ros_ws/install/eli_cs_robot_driver:/home/robot/project/ls65_ros/ls65/elite_ros_ws/install/eli_dashboard_interface:/home/robot/project/ls65_ros/ls65/elite_ros_ws/install/eli_cs_robot_simulation_gz:/home/robot/project/ls65_ros/ls65/elite_ros_ws/install/eli_cs_robot_moveit_config:/home/robot/project/ls65_ros/ls65/elite_ros_ws/install/eli_cs_robot_description:/home/robot/project/ls65_ros/ls65/elite_ros_ws/install/eli_cs_robot_calibration:/home/robot/project/ls65_ros/ls65/elite_ros_ws/install/eli_cs_controllers:/opt/ros/humble LD_LIBRARY_PATH=/home/robot/project/ls65_ros/ls65/elite_ros_ws/install/eli_common_interface/lib:/home/robot/project/ls65_ros/ls65/elite_ros_ws/install/eli_cs_robot_driver/lib:/home/robot/project/ls65_ros/ls65/elite_ros_ws/install/eli_dashboard_interface/lib:/home/robot/project/ls65_ros/ls65/elite_ros_ws/install/eli_cs_controllers/lib:/path/to/cuda-12.4/lib64:/usr/lib/x86_64-linux-gnu/gazebo-11/plugins:/opt/ros/humble/opt/rviz_ogre_vendor/lib:/opt/ros/humble/lib/x86_64-linux-gnu:/opt/ros/humble/lib:/path/to/cuda-12.1/lib64:/home/robot/software/mujoco-3.3.7/mujoco-3.3.7-linux-x86_64/mujoco-3.3.7/lib /usr/bin/cmake --build /home/robot/project/ls65_ros/ls65/elite_ros_ws/build/eli_cs_controllers -- -j16 -l16
[2.970s] DEBUG:colcon.colcon_core.event_handler.log_command:Invoking command in '/home/robot/project/ls65_ros/ls65/elite_ros_ws/build/eli_cs_controllers': CMAKE_PREFIX_PATH=/home/robot/project/ls65_ros/ls65/elite_ros_ws/install/eli_common_interface:/home/robot/project/ls65_ros/ls65/elite_ros_ws/install/eli_cs_robot_driver:/home/robot/project/ls65_ros/ls65/elite_ros_ws/install/eli_dashboard_interface:/home/robot/project/ls65_ros/ls65/elite_ros_ws/install/eli_cs_robot_simulation_gz:/home/robot/project/ls65_ros/ls65/elite_ros_ws/install/eli_cs_robot_moveit_config:/home/robot/project/ls65_ros/ls65/elite_ros_ws/install/eli_cs_robot_description:/home/robot/project/ls65_ros/ls65/elite_ros_ws/install/eli_cs_robot_calibration:/home/robot/project/ls65_ros/ls65/elite_ros_ws/install/eli_cs_controllers:/opt/ros/humble LD_LIBRARY_PATH=/home/robot/project/ls65_ros/ls65/elite_ros_ws/install/eli_common_interface/lib:/home/robot/project/ls65_ros/ls65/elite_ros_ws/install/eli_cs_robot_driver/lib:/home/robot/project/ls65_ros/ls65/elite_ros_ws/install/eli_dashboard_interface/lib:/home/robot/project/ls65_ros/ls65/elite_ros_ws/install/eli_cs_controllers/lib:/path/to/cuda-12.4/lib64:/usr/lib/x86_64-linux-gnu/gazebo-11/plugins:/opt/ros/humble/opt/rviz_ogre_vendor/lib:/opt/ros/humble/lib/x86_64-linux-gnu:/opt/ros/humble/lib:/path/to/cuda-12.1/lib64:/home/robot/software/mujoco-3.3.7/mujoco-3.3.7-linux-x86_64/mujoco-3.3.7/lib /usr/bin/cmake --install /home/robot/project/ls65_ros/ls65/elite_ros_ws/build/eli_cs_controllers
[2.979s] Level 1:colcon.colcon_core.environment:create_environment_scripts_only(eli_cs_controllers)
[2.979s] Level 1:colcon.colcon_core.environment:checking '/home/robot/project/ls65_ros/ls65/elite_ros_ws/install/eli_cs_controllers' for CMake module files
[2.980s] DEBUG:colcon.colcon_core.event_handler.log_command:Invoked command in '/home/robot/project/ls65_ros/ls65/elite_ros_ws/build/eli_cs_controllers' returned '0': CMAKE_PREFIX_PATH=/home/robot/project/ls65_ros/ls65/elite_ros_ws/install/eli_common_interface:/home/robot/project/ls65_ros/ls65/elite_ros_ws/install/eli_cs_robot_driver:/home/robot/project/ls65_ros/ls65/elite_ros_ws/install/eli_dashboard_interface:/home/robot/project/ls65_ros/ls65/elite_ros_ws/install/eli_cs_robot_simulation_gz:/home/robot/project/ls65_ros/ls65/elite_ros_ws/install/eli_cs_robot_moveit_config:/home/robot/project/ls65_ros/ls65/elite_ros_ws/install/eli_cs_robot_description:/home/robot/project/ls65_ros/ls65/elite_ros_ws/install/eli_cs_robot_calibration:/home/robot/project/ls65_ros/ls65/elite_ros_ws/install/eli_cs_controllers:/opt/ros/humble LD_LIBRARY_PATH=/home/robot/project/ls65_ros/ls65/elite_ros_ws/install/eli_common_interface/lib:/home/robot/project/ls65_ros/ls65/elite_ros_ws/install/eli_cs_robot_driver/lib:/home/robot/project/ls65_ros/ls65/elite_ros_ws/install/eli_dashboard_interface/lib:/home/robot/project/ls65_ros/ls65/elite_ros_ws/install/eli_cs_controllers/lib:/path/to/cuda-12.4/lib64:/usr/lib/x86_64-linux-gnu/gazebo-11/plugins:/opt/ros/humble/opt/rviz_ogre_vendor/lib:/opt/ros/humble/lib/x86_64-linux-gnu:/opt/ros/humble/lib:/path/to/cuda-12.1/lib64:/home/robot/software/mujoco-3.3.7/mujoco-3.3.7-linux-x86_64/mujoco-3.3.7/lib /usr/bin/cmake --install /home/robot/project/ls65_ros/ls65/elite_ros_ws/build/eli_cs_controllers
[2.980s] Level 1:colcon.colcon_core.environment:checking '/home/robot/project/ls65_ros/ls65/elite_ros_ws/install/eli_cs_controllers' for CMake config files
[2.981s] Level 1:colcon.colcon_core.shell:create_environment_hook('eli_cs_controllers', 'cmake_prefix_path')
[2.981s] INFO:colcon.colcon_core.shell:Creating environment hook '/home/robot/project/ls65_ros/ls65/elite_ros_ws/install/eli_cs_controllers/share/eli_cs_controllers/hook/cmake_prefix_path.ps1'
[2.983s] INFO:colcon.colcon_core.shell:Creating environment descriptor '/home/robot/project/ls65_ros/ls65/elite_ros_ws/install/eli_cs_controllers/share/eli_cs_controllers/hook/cmake_prefix_path.dsv'
[2.983s] INFO:colcon.colcon_core.shell:Creating environment hook '/home/robot/project/ls65_ros/ls65/elite_ros_ws/install/eli_cs_controllers/share/eli_cs_controllers/hook/cmake_prefix_path.sh'
[2.984s] Level 1:colcon.colcon_core.environment:checking '/home/robot/project/ls65_ros/ls65/elite_ros_ws/install/eli_cs_controllers/lib'
[2.984s] Level 1:colcon.colcon_core.shell:create_environment_hook('eli_cs_controllers', 'ld_library_path_lib')
[2.984s] INFO:colcon.colcon_core.shell:Creating environment hook '/home/robot/project/ls65_ros/ls65/elite_ros_ws/install/eli_cs_controllers/share/eli_cs_controllers/hook/ld_library_path_lib.ps1'
[2.984s] INFO:colcon.colcon_core.shell:Creating environment descriptor '/home/robot/project/ls65_ros/ls65/elite_ros_ws/install/eli_cs_controllers/share/eli_cs_controllers/hook/ld_library_path_lib.dsv'
[2.985s] INFO:colcon.colcon_core.shell:Creating environment hook '/home/robot/project/ls65_ros/ls65/elite_ros_ws/install/eli_cs_controllers/share/eli_cs_controllers/hook/ld_library_path_lib.sh'
[2.985s] Level 1:colcon.colcon_core.environment:checking '/home/robot/project/ls65_ros/ls65/elite_ros_ws/install/eli_cs_controllers/bin'
[2.985s] Level 1:colcon.colcon_core.environment:checking '/home/robot/project/ls65_ros/ls65/elite_ros_ws/install/eli_cs_controllers/lib/pkgconfig/eli_cs_controllers.pc'
[2.986s] Level 1:colcon.colcon_core.environment:checking '/home/robot/project/ls65_ros/ls65/elite_ros_ws/install/eli_cs_controllers/lib/python3.10/site-packages'
[2.986s] Level 1:colcon.colcon_core.environment:checking '/home/robot/project/ls65_ros/ls65/elite_ros_ws/install/eli_cs_controllers/bin'
[2.987s] INFO:colcon.colcon_core.shell:Creating package script '/home/robot/project/ls65_ros/ls65/elite_ros_ws/install/eli_cs_controllers/share/eli_cs_controllers/package.ps1'
[2.988s] INFO:colcon.colcon_core.shell:Creating package descriptor '/home/robot/project/ls65_ros/ls65/elite_ros_ws/install/eli_cs_controllers/share/eli_cs_controllers/package.dsv'
[2.988s] INFO:colcon.colcon_core.shell:Creating package script '/home/robot/project/ls65_ros/ls65/elite_ros_ws/install/eli_cs_controllers/share/eli_cs_controllers/package.sh'
[2.989s] INFO:colcon.colcon_core.shell:Creating package script '/home/robot/project/ls65_ros/ls65/elite_ros_ws/install/eli_cs_controllers/share/eli_cs_controllers/package.bash'
[2.989s] INFO:colcon.colcon_core.shell:Creating package script '/home/robot/project/ls65_ros/ls65/elite_ros_ws/install/eli_cs_controllers/share/eli_cs_controllers/package.zsh'
[2.989s] Level 1:colcon.colcon_core.environment:create_file_with_runtime_dependencies(/home/robot/project/ls65_ros/ls65/elite_ros_ws/install/eli_cs_controllers/share/colcon-core/packages/eli_cs_controllers)
[2.990s] Level 1:colcon.colcon_core.environment:create_environment_scripts_only(eli_cs_controllers)
[2.990s] Level 1:colcon.colcon_core.environment:checking '/home/robot/project/ls65_ros/ls65/elite_ros_ws/install/eli_cs_controllers' for CMake module files
[2.991s] Level 1:colcon.colcon_core.environment:checking '/home/robot/project/ls65_ros/ls65/elite_ros_ws/install/eli_cs_controllers' for CMake config files
[2.991s] Level 1:colcon.colcon_core.shell:create_environment_hook('eli_cs_controllers', 'cmake_prefix_path')
[2.991s] INFO:colcon.colcon_core.shell:Creating environment hook '/home/robot/project/ls65_ros/ls65/elite_ros_ws/install/eli_cs_controllers/share/eli_cs_controllers/hook/cmake_prefix_path.ps1'
[2.991s] INFO:colcon.colcon_core.shell:Creating environment descriptor '/home/robot/project/ls65_ros/ls65/elite_ros_ws/install/eli_cs_controllers/share/eli_cs_controllers/hook/cmake_prefix_path.dsv'
[2.992s] INFO:colcon.colcon_core.shell:Creating environment hook '/home/robot/project/ls65_ros/ls65/elite_ros_ws/install/eli_cs_controllers/share/eli_cs_controllers/hook/cmake_prefix_path.sh'
[2.992s] Level 1:colcon.colcon_core.environment:checking '/home/robot/project/ls65_ros/ls65/elite_ros_ws/install/eli_cs_controllers/lib'
[2.992s] Level 1:colcon.colcon_core.shell:create_environment_hook('eli_cs_controllers', 'ld_library_path_lib')
[2.993s] INFO:colcon.colcon_core.shell:Creating environment hook '/home/robot/project/ls65_ros/ls65/elite_ros_ws/install/eli_cs_controllers/share/eli_cs_controllers/hook/ld_library_path_lib.ps1'
[2.993s] INFO:colcon.colcon_core.shell:Creating environment descriptor '/home/robot/project/ls65_ros/ls65/elite_ros_ws/install/eli_cs_controllers/share/eli_cs_controllers/hook/ld_library_path_lib.dsv'
[2.993s] INFO:colcon.colcon_core.shell:Creating environment hook '/home/robot/project/ls65_ros/ls65/elite_ros_ws/install/eli_cs_controllers/share/eli_cs_controllers/hook/ld_library_path_lib.sh'
[2.994s] Level 1:colcon.colcon_core.environment:checking '/home/robot/project/ls65_ros/ls65/elite_ros_ws/install/eli_cs_controllers/bin'
[2.994s] Level 1:colcon.colcon_core.environment:checking '/home/robot/project/ls65_ros/ls65/elite_ros_ws/install/eli_cs_controllers/lib/pkgconfig/eli_cs_controllers.pc'
[2.994s] Level 1:colcon.colcon_core.environment:checking '/home/robot/project/ls65_ros/ls65/elite_ros_ws/install/eli_cs_controllers/lib/python3.10/site-packages'
[2.994s] Level 1:colcon.colcon_core.environment:checking '/home/robot/project/ls65_ros/ls65/elite_ros_ws/install/eli_cs_controllers/bin'
[2.995s] INFO:colcon.colcon_core.shell:Creating package script '/home/robot/project/ls65_ros/ls65/elite_ros_ws/install/eli_cs_controllers/share/eli_cs_controllers/package.ps1'
[2.995s] INFO:colcon.colcon_core.shell:Creating package descriptor '/home/robot/project/ls65_ros/ls65/elite_ros_ws/install/eli_cs_controllers/share/eli_cs_controllers/package.dsv'
[2.996s] INFO:colcon.colcon_core.shell:Creating package script '/home/robot/project/ls65_ros/ls65/elite_ros_ws/install/eli_cs_controllers/share/eli_cs_controllers/package.sh'
[2.996s] INFO:colcon.colcon_core.shell:Creating package script '/home/robot/project/ls65_ros/ls65/elite_ros_ws/install/eli_cs_controllers/share/eli_cs_controllers/package.bash'
[2.996s] INFO:colcon.colcon_core.shell:Creating package script '/home/robot/project/ls65_ros/ls65/elite_ros_ws/install/eli_cs_controllers/share/eli_cs_controllers/package.zsh'
[2.996s] Level 1:colcon.colcon_core.environment:create_file_with_runtime_dependencies(/home/robot/project/ls65_ros/ls65/elite_ros_ws/install/eli_cs_controllers/share/colcon-core/packages/eli_cs_controllers)
[2.997s] Level 1:colcon.colcon_core.environment:create_environment_scripts_only(eli_cs_robot_moveit_config)
[2.997s] Level 1:colcon.colcon_core.environment:checking '/home/robot/project/ls65_ros/ls65/elite_ros_ws/install/eli_cs_robot_moveit_config' for CMake module files
[2.998s] DEBUG:colcon.colcon_core.event_handler.log_command:Invoked command in '/home/robot/project/ls65_ros/ls65/elite_ros_ws/build/eli_cs_robot_moveit_config' returned '0': CMAKE_PREFIX_PATH=/home/robot/project/ls65_ros/ls65/elite_ros_ws/install/eli_cs_robot_description:/home/robot/project/ls65_ros/ls65/elite_ros_ws/install/eli_cs_robot_driver:/home/robot/project/ls65_ros/ls65/elite_ros_ws/install/eli_dashboard_interface:/home/robot/project/ls65_ros/ls65/elite_ros_ws/install/eli_cs_robot_simulation_gz:/home/robot/project/ls65_ros/ls65/elite_ros_ws/install/eli_cs_robot_moveit_config:/home/robot/project/ls65_ros/ls65/elite_ros_ws/install/eli_cs_robot_calibration:/home/robot/project/ls65_ros/ls65/elite_ros_ws/install/eli_cs_controllers:/home/robot/project/ls65_ros/ls65/elite_ros_ws/install/eli_common_interface:/opt/ros/humble /usr/bin/cmake --install /home/robot/project/ls65_ros/ls65/elite_ros_ws/build/eli_cs_robot_moveit_config
[2.998s] Level 1:colcon.colcon_core.environment:checking '/home/robot/project/ls65_ros/ls65/elite_ros_ws/install/eli_cs_robot_moveit_config' for CMake config files
[2.999s] Level 1:colcon.colcon_core.shell:create_environment_hook('eli_cs_robot_moveit_config', 'cmake_prefix_path')
[2.999s] INFO:colcon.colcon_core.shell:Creating environment hook '/home/robot/project/ls65_ros/ls65/elite_ros_ws/install/eli_cs_robot_moveit_config/share/eli_cs_robot_moveit_config/hook/cmake_prefix_path.ps1'
[2.999s] INFO:colcon.colcon_core.shell:Creating environment descriptor '/home/robot/project/ls65_ros/ls65/elite_ros_ws/install/eli_cs_robot_moveit_config/share/eli_cs_robot_moveit_config/hook/cmake_prefix_path.dsv'
[3.000s] INFO:colcon.colcon_core.shell:Creating environment hook '/home/robot/project/ls65_ros/ls65/elite_ros_ws/install/eli_cs_robot_moveit_config/share/eli_cs_robot_moveit_config/hook/cmake_prefix_path.sh'
[3.000s] Level 1:colcon.colcon_core.environment:checking '/home/robot/project/ls65_ros/ls65/elite_ros_ws/install/eli_cs_robot_moveit_config/bin'
[3.000s] Level 1:colcon.colcon_core.environment:checking '/home/robot/project/ls65_ros/ls65/elite_ros_ws/install/eli_cs_robot_moveit_config/lib/pkgconfig/eli_cs_robot_moveit_config.pc'
[3.000s] Level 1:colcon.colcon_core.environment:checking '/home/robot/project/ls65_ros/ls65/elite_ros_ws/install/eli_cs_robot_moveit_config/lib/python3.10/site-packages'
[3.001s] Level 1:colcon.colcon_core.environment:checking '/home/robot/project/ls65_ros/ls65/elite_ros_ws/install/eli_cs_robot_moveit_config/bin'
[3.001s] INFO:colcon.colcon_core.shell:Creating package script '/home/robot/project/ls65_ros/ls65/elite_ros_ws/install/eli_cs_robot_moveit_config/share/eli_cs_robot_moveit_config/package.ps1'
[3.001s] INFO:colcon.colcon_core.shell:Creating package descriptor '/home/robot/project/ls65_ros/ls65/elite_ros_ws/install/eli_cs_robot_moveit_config/share/eli_cs_robot_moveit_config/package.dsv'
[3.001s] INFO:colcon.colcon_core.shell:Creating package script '/home/robot/project/ls65_ros/ls65/elite_ros_ws/install/eli_cs_robot_moveit_config/share/eli_cs_robot_moveit_config/package.sh'
[3.002s] INFO:colcon.colcon_core.shell:Creating package script '/home/robot/project/ls65_ros/ls65/elite_ros_ws/install/eli_cs_robot_moveit_config/share/eli_cs_robot_moveit_config/package.bash'
[3.002s] INFO:colcon.colcon_core.shell:Creating package script '/home/robot/project/ls65_ros/ls65/elite_ros_ws/install/eli_cs_robot_moveit_config/share/eli_cs_robot_moveit_config/package.zsh'
[3.002s] Level 1:colcon.colcon_core.environment:create_file_with_runtime_dependencies(/home/robot/project/ls65_ros/ls65/elite_ros_ws/install/eli_cs_robot_moveit_config/share/colcon-core/packages/eli_cs_robot_moveit_config)
[3.002s] Level 1:colcon.colcon_core.environment:create_environment_scripts_only(eli_cs_robot_moveit_config)
[3.002s] Level 1:colcon.colcon_core.environment:checking '/home/robot/project/ls65_ros/ls65/elite_ros_ws/install/eli_cs_robot_moveit_config' for CMake module files
[3.003s] Level 1:colcon.colcon_core.environment:checking '/home/robot/project/ls65_ros/ls65/elite_ros_ws/install/eli_cs_robot_moveit_config' for CMake config files
[3.003s] Level 1:colcon.colcon_core.shell:create_environment_hook('eli_cs_robot_moveit_config', 'cmake_prefix_path')
[3.003s] INFO:colcon.colcon_core.shell:Creating environment hook '/home/robot/project/ls65_ros/ls65/elite_ros_ws/install/eli_cs_robot_moveit_config/share/eli_cs_robot_moveit_config/hook/cmake_prefix_path.ps1'
[3.003s] INFO:colcon.colcon_core.shell:Creating environment descriptor '/home/robot/project/ls65_ros/ls65/elite_ros_ws/install/eli_cs_robot_moveit_config/share/eli_cs_robot_moveit_config/hook/cmake_prefix_path.dsv'
[3.003s] INFO:colcon.colcon_core.shell:Creating environment hook '/home/robot/project/ls65_ros/ls65/elite_ros_ws/install/eli_cs_robot_moveit_config/share/eli_cs_robot_moveit_config/hook/cmake_prefix_path.sh'
[3.004s] Level 1:colcon.colcon_core.environment:checking '/home/robot/project/ls65_ros/ls65/elite_ros_ws/install/eli_cs_robot_moveit_config/bin'
[3.004s] Level 1:colcon.colcon_core.environment:checking '/home/robot/project/ls65_ros/ls65/elite_ros_ws/install/eli_cs_robot_moveit_config/lib/pkgconfig/eli_cs_robot_moveit_config.pc'
[3.004s] Level 1:colcon.colcon_core.environment:checking '/home/robot/project/ls65_ros/ls65/elite_ros_ws/install/eli_cs_robot_moveit_config/lib/python3.10/site-packages'
[3.004s] Level 1:colcon.colcon_core.environment:checking '/home/robot/project/ls65_ros/ls65/elite_ros_ws/install/eli_cs_robot_moveit_config/bin'
[3.004s] INFO:colcon.colcon_core.shell:Creating package script '/home/robot/project/ls65_ros/ls65/elite_ros_ws/install/eli_cs_robot_moveit_config/share/eli_cs_robot_moveit_config/package.ps1'
[3.005s] INFO:colcon.colcon_core.shell:Creating package descriptor '/home/robot/project/ls65_ros/ls65/elite_ros_ws/install/eli_cs_robot_moveit_config/share/eli_cs_robot_moveit_config/package.dsv'
[3.005s] INFO:colcon.colcon_core.shell:Creating package script '/home/robot/project/ls65_ros/ls65/elite_ros_ws/install/eli_cs_robot_moveit_config/share/eli_cs_robot_moveit_config/package.sh'
[3.005s] INFO:colcon.colcon_core.shell:Creating package script '/home/robot/project/ls65_ros/ls65/elite_ros_ws/install/eli_cs_robot_moveit_config/share/eli_cs_robot_moveit_config/package.bash'
[3.005s] INFO:colcon.colcon_core.shell:Creating package script '/home/robot/project/ls65_ros/ls65/elite_ros_ws/install/eli_cs_robot_moveit_config/share/eli_cs_robot_moveit_config/package.zsh'
[3.005s] Level 1:colcon.colcon_core.environment:create_file_with_runtime_dependencies(/home/robot/project/ls65_ros/ls65/elite_ros_ws/install/eli_cs_robot_moveit_config/share/colcon-core/packages/eli_cs_robot_moveit_config)
[3.007s] INFO:colcon.colcon_ros.task.ament_cmake.build:Building ROS package in '/home/robot/project/ls65_ros/ls65/elite_ros_ws/src/eli_cs_robot_simulation_gz' with build type 'ament_cmake'
[3.007s] INFO:colcon.colcon_cmake.task.cmake.build:Building CMake package in '/home/robot/project/ls65_ros/ls65/elite_ros_ws/src/eli_cs_robot_simulation_gz'
[3.007s] INFO:colcon.colcon_core.shell:Skip shell extension 'powershell' for command environment: Not usable outside of PowerShell
[3.007s] DEBUG:colcon.colcon_core.shell:Skip shell extension 'dsv' for command environment
[3.008s] DEBUG:colcon.colcon_core.event_handler.log_command:Invoked command in '/home/robot/project/ls65_ros/ls65/elite_ros_ws/build/eli_cs_robot_driver' returned '0': CMAKE_PREFIX_PATH=/home/robot/project/ls65_ros/ls65/elite_ros_ws/install/eli_dashboard_interface:/home/robot/project/ls65_ros/ls65/elite_ros_ws/install/eli_cs_robot_description:/home/robot/project/ls65_ros/ls65/elite_ros_ws/install/eli_common_interface:/home/robot/project/ls65_ros/ls65/elite_ros_ws/install/eli_cs_robot_driver:/home/robot/project/ls65_ros/ls65/elite_ros_ws/install/eli_cs_robot_simulation_gz:/home/robot/project/ls65_ros/ls65/elite_ros_ws/install/eli_cs_robot_moveit_config:/home/robot/project/ls65_ros/ls65/elite_ros_ws/install/eli_cs_robot_calibration:/home/robot/project/ls65_ros/ls65/elite_ros_ws/install/eli_cs_controllers:/opt/ros/humble LD_LIBRARY_PATH=/home/robot/project/ls65_ros/ls65/elite_ros_ws/install/eli_dashboard_interface/lib:/home/robot/project/ls65_ros/ls65/elite_ros_ws/install/eli_common_interface/lib:/home/robot/project/ls65_ros/ls65/elite_ros_ws/install/eli_cs_robot_driver/lib:/home/robot/project/ls65_ros/ls65/elite_ros_ws/install/eli_cs_controllers/lib:/path/to/cuda-12.4/lib64:/usr/lib/x86_64-linux-gnu/gazebo-11/plugins:/opt/ros/humble/opt/rviz_ogre_vendor/lib:/opt/ros/humble/lib/x86_64-linux-gnu:/opt/ros/humble/lib:/path/to/cuda-12.1/lib64:/home/robot/software/mujoco-3.3.7/mujoco-3.3.7-linux-x86_64/mujoco-3.3.7/lib /usr/bin/cmake --build /home/robot/project/ls65_ros/ls65/elite_ros_ws/build/eli_cs_robot_driver -- -j16 -l16
[3.008s] DEBUG:colcon.colcon_core.event_handler.log_command:Invoking command in '/home/robot/project/ls65_ros/ls65/elite_ros_ws/build/eli_cs_robot_driver': CMAKE_PREFIX_PATH=/home/robot/project/ls65_ros/ls65/elite_ros_ws/install/eli_dashboard_interface:/home/robot/project/ls65_ros/ls65/elite_ros_ws/install/eli_cs_robot_description:/home/robot/project/ls65_ros/ls65/elite_ros_ws/install/eli_common_interface:/home/robot/project/ls65_ros/ls65/elite_ros_ws/install/eli_cs_robot_driver:/home/robot/project/ls65_ros/ls65/elite_ros_ws/install/eli_cs_robot_simulation_gz:/home/robot/project/ls65_ros/ls65/elite_ros_ws/install/eli_cs_robot_moveit_config:/home/robot/project/ls65_ros/ls65/elite_ros_ws/install/eli_cs_robot_calibration:/home/robot/project/ls65_ros/ls65/elite_ros_ws/install/eli_cs_controllers:/opt/ros/humble LD_LIBRARY_PATH=/home/robot/project/ls65_ros/ls65/elite_ros_ws/install/eli_dashboard_interface/lib:/home/robot/project/ls65_ros/ls65/elite_ros_ws/install/eli_common_interface/lib:/home/robot/project/ls65_ros/ls65/elite_ros_ws/install/eli_cs_robot_driver/lib:/home/robot/project/ls65_ros/ls65/elite_ros_ws/install/eli_cs_controllers/lib:/path/to/cuda-12.4/lib64:/usr/lib/x86_64-linux-gnu/gazebo-11/plugins:/opt/ros/humble/opt/rviz_ogre_vendor/lib:/opt/ros/humble/lib/x86_64-linux-gnu:/opt/ros/humble/lib:/path/to/cuda-12.1/lib64:/home/robot/software/mujoco-3.3.7/mujoco-3.3.7-linux-x86_64/mujoco-3.3.7/lib /usr/bin/cmake --install /home/robot/project/ls65_ros/ls65/elite_ros_ws/build/eli_cs_robot_driver
[3.017s] DEBUG:colcon.colcon_core.event_handler.log_command:Invoking command in '/home/robot/project/ls65_ros/ls65/elite_ros_ws/build/eli_cs_robot_simulation_gz': CMAKE_PREFIX_PATH=/home/robot/project/ls65_ros/ls65/elite_ros_ws/install/eli_cs_robot_moveit_config:/home/robot/project/ls65_ros/ls65/elite_ros_ws/install/eli_cs_robot_description:/home/robot/project/ls65_ros/ls65/elite_ros_ws/install/eli_cs_robot_driver:/home/robot/project/ls65_ros/ls65/elite_ros_ws/install/eli_dashboard_interface:/home/robot/project/ls65_ros/ls65/elite_ros_ws/install/eli_cs_robot_simulation_gz:/home/robot/project/ls65_ros/ls65/elite_ros_ws/install/eli_cs_robot_calibration:/home/robot/project/ls65_ros/ls65/elite_ros_ws/install/eli_cs_controllers:/home/robot/project/ls65_ros/ls65/elite_ros_ws/install/eli_common_interface:/opt/ros/humble /usr/bin/cmake --build /home/robot/project/ls65_ros/ls65/elite_ros_ws/build/eli_cs_robot_simulation_gz -- -j16 -l16
[3.022s] Level 1:colcon.colcon_core.environment:create_environment_scripts_only(eli_cs_robot_driver)
[3.022s] Level 1:colcon.colcon_core.environment:checking '/home/robot/project/ls65_ros/ls65/elite_ros_ws/install/eli_cs_robot_driver' for CMake module files
[3.023s] Level 1:colcon.colcon_core.environment:checking '/home/robot/project/ls65_ros/ls65/elite_ros_ws/install/eli_cs_robot_driver' for CMake config files
[3.024s] DEBUG:colcon.colcon_core.event_handler.log_command:Invoked command in '/home/robot/project/ls65_ros/ls65/elite_ros_ws/build/eli_cs_robot_driver' returned '0': CMAKE_PREFIX_PATH=/home/robot/project/ls65_ros/ls65/elite_ros_ws/install/eli_dashboard_interface:/home/robot/project/ls65_ros/ls65/elite_ros_ws/install/eli_cs_robot_description:/home/robot/project/ls65_ros/ls65/elite_ros_ws/install/eli_common_interface:/home/robot/project/ls65_ros/ls65/elite_ros_ws/install/eli_cs_robot_driver:/home/robot/project/ls65_ros/ls65/elite_ros_ws/install/eli_cs_robot_simulation_gz:/home/robot/project/ls65_ros/ls65/elite_ros_ws/install/eli_cs_robot_moveit_config:/home/robot/project/ls65_ros/ls65/elite_ros_ws/install/eli_cs_robot_calibration:/home/robot/project/ls65_ros/ls65/elite_ros_ws/install/eli_cs_controllers:/opt/ros/humble LD_LIBRARY_PATH=/home/robot/project/ls65_ros/ls65/elite_ros_ws/install/eli_dashboard_interface/lib:/home/robot/project/ls65_ros/ls65/elite_ros_ws/install/eli_common_interface/lib:/home/robot/project/ls65_ros/ls65/elite_ros_ws/install/eli_cs_robot_driver/lib:/home/robot/project/ls65_ros/ls65/elite_ros_ws/install/eli_cs_controllers/lib:/path/to/cuda-12.4/lib64:/usr/lib/x86_64-linux-gnu/gazebo-11/plugins:/opt/ros/humble/opt/rviz_ogre_vendor/lib:/opt/ros/humble/lib/x86_64-linux-gnu:/opt/ros/humble/lib:/path/to/cuda-12.1/lib64:/home/robot/software/mujoco-3.3.7/mujoco-3.3.7-linux-x86_64/mujoco-3.3.7/lib /usr/bin/cmake --install /home/robot/project/ls65_ros/ls65/elite_ros_ws/build/eli_cs_robot_driver
[3.024s] Level 1:colcon.colcon_core.shell:create_environment_hook('eli_cs_robot_driver', 'cmake_prefix_path')
[3.025s] INFO:colcon.colcon_core.shell:Creating environment hook '/home/robot/project/ls65_ros/ls65/elite_ros_ws/install/eli_cs_robot_driver/share/eli_cs_robot_driver/hook/cmake_prefix_path.ps1'
[3.025s] INFO:colcon.colcon_core.shell:Creating environment descriptor '/home/robot/project/ls65_ros/ls65/elite_ros_ws/install/eli_cs_robot_driver/share/eli_cs_robot_driver/hook/cmake_prefix_path.dsv'
[3.025s] INFO:colcon.colcon_core.shell:Creating environment hook '/home/robot/project/ls65_ros/ls65/elite_ros_ws/install/eli_cs_robot_driver/share/eli_cs_robot_driver/hook/cmake_prefix_path.sh'
[3.025s] Level 1:colcon.colcon_core.environment:checking '/home/robot/project/ls65_ros/ls65/elite_ros_ws/install/eli_cs_robot_driver/lib'
[3.025s] Level 1:colcon.colcon_core.shell:create_environment_hook('eli_cs_robot_driver', 'ld_library_path_lib')
[3.026s] INFO:colcon.colcon_core.shell:Creating environment hook '/home/robot/project/ls65_ros/ls65/elite_ros_ws/install/eli_cs_robot_driver/share/eli_cs_robot_driver/hook/ld_library_path_lib.ps1'
[3.026s] INFO:colcon.colcon_core.shell:Creating environment descriptor '/home/robot/project/ls65_ros/ls65/elite_ros_ws/install/eli_cs_robot_driver/share/eli_cs_robot_driver/hook/ld_library_path_lib.dsv'
[3.026s] INFO:colcon.colcon_core.shell:Creating environment hook '/home/robot/project/ls65_ros/ls65/elite_ros_ws/install/eli_cs_robot_driver/share/eli_cs_robot_driver/hook/ld_library_path_lib.sh'
[3.026s] Level 1:colcon.colcon_core.environment:checking '/home/robot/project/ls65_ros/ls65/elite_ros_ws/install/eli_cs_robot_driver/bin'
[3.026s] Level 1:colcon.colcon_core.environment:checking '/home/robot/project/ls65_ros/ls65/elite_ros_ws/install/eli_cs_robot_driver/lib/pkgconfig/eli_cs_robot_driver.pc'
[3.026s] Level 1:colcon.colcon_core.environment:checking '/home/robot/project/ls65_ros/ls65/elite_ros_ws/install/eli_cs_robot_driver/lib/python3.10/site-packages'
[3.027s] Level 1:colcon.colcon_core.environment:checking '/home/robot/project/ls65_ros/ls65/elite_ros_ws/install/eli_cs_robot_driver/bin'
[3.027s] INFO:colcon.colcon_core.shell:Creating package script '/home/robot/project/ls65_ros/ls65/elite_ros_ws/install/eli_cs_robot_driver/share/eli_cs_robot_driver/package.ps1'
[3.027s] INFO:colcon.colcon_core.shell:Creating package descriptor '/home/robot/project/ls65_ros/ls65/elite_ros_ws/install/eli_cs_robot_driver/share/eli_cs_robot_driver/package.dsv'
[3.028s] INFO:colcon.colcon_core.shell:Creating package script '/home/robot/project/ls65_ros/ls65/elite_ros_ws/install/eli_cs_robot_driver/share/eli_cs_robot_driver/package.sh'
[3.028s] INFO:colcon.colcon_core.shell:Creating package script '/home/robot/project/ls65_ros/ls65/elite_ros_ws/install/eli_cs_robot_driver/share/eli_cs_robot_driver/package.bash'
[3.028s] INFO:colcon.colcon_core.shell:Creating package script '/home/robot/project/ls65_ros/ls65/elite_ros_ws/install/eli_cs_robot_driver/share/eli_cs_robot_driver/package.zsh'
[3.028s] Level 1:colcon.colcon_core.environment:create_file_with_runtime_dependencies(/home/robot/project/ls65_ros/ls65/elite_ros_ws/install/eli_cs_robot_driver/share/colcon-core/packages/eli_cs_robot_driver)
[3.029s] Level 1:colcon.colcon_core.environment:create_environment_scripts_only(eli_cs_robot_driver)
[3.029s] Level 1:colcon.colcon_core.environment:checking '/home/robot/project/ls65_ros/ls65/elite_ros_ws/install/eli_cs_robot_driver' for CMake module files
[3.029s] Level 1:colcon.colcon_core.environment:checking '/home/robot/project/ls65_ros/ls65/elite_ros_ws/install/eli_cs_robot_driver' for CMake config files
[3.029s] Level 1:colcon.colcon_core.shell:create_environment_hook('eli_cs_robot_driver', 'cmake_prefix_path')
[3.029s] INFO:colcon.colcon_core.shell:Creating environment hook '/home/robot/project/ls65_ros/ls65/elite_ros_ws/install/eli_cs_robot_driver/share/eli_cs_robot_driver/hook/cmake_prefix_path.ps1'
[3.029s] INFO:colcon.colcon_core.shell:Creating environment descriptor '/home/robot/project/ls65_ros/ls65/elite_ros_ws/install/eli_cs_robot_driver/share/eli_cs_robot_driver/hook/cmake_prefix_path.dsv'
[3.030s] INFO:colcon.colcon_core.shell:Creating environment hook '/home/robot/project/ls65_ros/ls65/elite_ros_ws/install/eli_cs_robot_driver/share/eli_cs_robot_driver/hook/cmake_prefix_path.sh'
[3.030s] Level 1:colcon.colcon_core.environment:checking '/home/robot/project/ls65_ros/ls65/elite_ros_ws/install/eli_cs_robot_driver/lib'
[3.030s] Level 1:colcon.colcon_core.shell:create_environment_hook('eli_cs_robot_driver', 'ld_library_path_lib')
[3.030s] INFO:colcon.colcon_core.shell:Creating environment hook '/home/robot/project/ls65_ros/ls65/elite_ros_ws/install/eli_cs_robot_driver/share/eli_cs_robot_driver/hook/ld_library_path_lib.ps1'
[3.030s] INFO:colcon.colcon_core.shell:Creating environment descriptor '/home/robot/project/ls65_ros/ls65/elite_ros_ws/install/eli_cs_robot_driver/share/eli_cs_robot_driver/hook/ld_library_path_lib.dsv'
[3.031s] INFO:colcon.colcon_core.shell:Creating environment hook '/home/robot/project/ls65_ros/ls65/elite_ros_ws/install/eli_cs_robot_driver/share/eli_cs_robot_driver/hook/ld_library_path_lib.sh'
[3.031s] Level 1:colcon.colcon_core.environment:checking '/home/robot/project/ls65_ros/ls65/elite_ros_ws/install/eli_cs_robot_driver/bin'
[3.031s] Level 1:colcon.colcon_core.environment:checking '/home/robot/project/ls65_ros/ls65/elite_ros_ws/install/eli_cs_robot_driver/lib/pkgconfig/eli_cs_robot_driver.pc'
[3.031s] Level 1:colcon.colcon_core.environment:checking '/home/robot/project/ls65_ros/ls65/elite_ros_ws/install/eli_cs_robot_driver/lib/python3.10/site-packages'
[3.031s] Level 1:colcon.colcon_core.environment:checking '/home/robot/project/ls65_ros/ls65/elite_ros_ws/install/eli_cs_robot_driver/bin'
[3.032s] INFO:colcon.colcon_core.shell:Creating package script '/home/robot/project/ls65_ros/ls65/elite_ros_ws/install/eli_cs_robot_driver/share/eli_cs_robot_driver/package.ps1'
[3.032s] INFO:colcon.colcon_core.shell:Creating package descriptor '/home/robot/project/ls65_ros/ls65/elite_ros_ws/install/eli_cs_robot_driver/share/eli_cs_robot_driver/package.dsv'
[3.032s] INFO:colcon.colcon_core.shell:Creating package script '/home/robot/project/ls65_ros/ls65/elite_ros_ws/install/eli_cs_robot_driver/share/eli_cs_robot_driver/package.sh'
[3.032s] INFO:colcon.colcon_core.shell:Creating package script '/home/robot/project/ls65_ros/ls65/elite_ros_ws/install/eli_cs_robot_driver/share/eli_cs_robot_driver/package.bash'
[3.033s] INFO:colcon.colcon_core.shell:Creating package script '/home/robot/project/ls65_ros/ls65/elite_ros_ws/install/eli_cs_robot_driver/share/eli_cs_robot_driver/package.zsh'
[3.033s] Level 1:colcon.colcon_core.environment:create_file_with_runtime_dependencies(/home/robot/project/ls65_ros/ls65/elite_ros_ws/install/eli_cs_robot_driver/share/colcon-core/packages/eli_cs_robot_driver)
[3.050s] DEBUG:colcon.colcon_core.event_handler.log_command:Invoked command in '/home/robot/project/ls65_ros/ls65/elite_ros_ws/build/eli_cs_robot_simulation_gz' returned '0': CMAKE_PREFIX_PATH=/home/robot/project/ls65_ros/ls65/elite_ros_ws/install/eli_cs_robot_moveit_config:/home/robot/project/ls65_ros/ls65/elite_ros_ws/install/eli_cs_robot_description:/home/robot/project/ls65_ros/ls65/elite_ros_ws/install/eli_cs_robot_driver:/home/robot/project/ls65_ros/ls65/elite_ros_ws/install/eli_dashboard_interface:/home/robot/project/ls65_ros/ls65/elite_ros_ws/install/eli_cs_robot_simulation_gz:/home/robot/project/ls65_ros/ls65/elite_ros_ws/install/eli_cs_robot_calibration:/home/robot/project/ls65_ros/ls65/elite_ros_ws/install/eli_cs_controllers:/home/robot/project/ls65_ros/ls65/elite_ros_ws/install/eli_common_interface:/opt/ros/humble /usr/bin/cmake --build /home/robot/project/ls65_ros/ls65/elite_ros_ws/build/eli_cs_robot_simulation_gz -- -j16 -l16
[3.051s] DEBUG:colcon.colcon_core.event_handler.log_command:Invoking command in '/home/robot/project/ls65_ros/ls65/elite_ros_ws/build/eli_cs_robot_simulation_gz': CMAKE_PREFIX_PATH=/home/robot/project/ls65_ros/ls65/elite_ros_ws/install/eli_cs_robot_moveit_config:/home/robot/project/ls65_ros/ls65/elite_ros_ws/install/eli_cs_robot_description:/home/robot/project/ls65_ros/ls65/elite_ros_ws/install/eli_cs_robot_driver:/home/robot/project/ls65_ros/ls65/elite_ros_ws/install/eli_dashboard_interface:/home/robot/project/ls65_ros/ls65/elite_ros_ws/install/eli_cs_robot_simulation_gz:/home/robot/project/ls65_ros/ls65/elite_ros_ws/install/eli_cs_robot_calibration:/home/robot/project/ls65_ros/ls65/elite_ros_ws/install/eli_cs_controllers:/home/robot/project/ls65_ros/ls65/elite_ros_ws/install/eli_common_interface:/opt/ros/humble /usr/bin/cmake --install /home/robot/project/ls65_ros/ls65/elite_ros_ws/build/eli_cs_robot_simulation_gz
[3.062s] Level 1:colcon.colcon_core.environment:create_environment_scripts_only(eli_cs_robot_simulation_gz)
[3.062s] Level 1:colcon.colcon_core.environment:checking '/home/robot/project/ls65_ros/ls65/elite_ros_ws/install/eli_cs_robot_simulation_gz' for CMake module files
[3.063s] DEBUG:colcon.colcon_core.event_handler.log_command:Invoked command in '/home/robot/project/ls65_ros/ls65/elite_ros_ws/build/eli_cs_robot_simulation_gz' returned '0': CMAKE_PREFIX_PATH=/home/robot/project/ls65_ros/ls65/elite_ros_ws/install/eli_cs_robot_moveit_config:/home/robot/project/ls65_ros/ls65/elite_ros_ws/install/eli_cs_robot_description:/home/robot/project/ls65_ros/ls65/elite_ros_ws/install/eli_cs_robot_driver:/home/robot/project/ls65_ros/ls65/elite_ros_ws/install/eli_dashboard_interface:/home/robot/project/ls65_ros/ls65/elite_ros_ws/install/eli_cs_robot_simulation_gz:/home/robot/project/ls65_ros/ls65/elite_ros_ws/install/eli_cs_robot_calibration:/home/robot/project/ls65_ros/ls65/elite_ros_ws/install/eli_cs_controllers:/home/robot/project/ls65_ros/ls65/elite_ros_ws/install/eli_common_interface:/opt/ros/humble /usr/bin/cmake --install /home/robot/project/ls65_ros/ls65/elite_ros_ws/build/eli_cs_robot_simulation_gz
[3.063s] Level 1:colcon.colcon_core.environment:checking '/home/robot/project/ls65_ros/ls65/elite_ros_ws/install/eli_cs_robot_simulation_gz' for CMake config files
[3.063s] Level 1:colcon.colcon_core.shell:create_environment_hook('eli_cs_robot_simulation_gz', 'cmake_prefix_path')
[3.063s] INFO:colcon.colcon_core.shell:Creating environment hook '/home/robot/project/ls65_ros/ls65/elite_ros_ws/install/eli_cs_robot_simulation_gz/share/eli_cs_robot_simulation_gz/hook/cmake_prefix_path.ps1'
[3.064s] INFO:colcon.colcon_core.shell:Creating environment descriptor '/home/robot/project/ls65_ros/ls65/elite_ros_ws/install/eli_cs_robot_simulation_gz/share/eli_cs_robot_simulation_gz/hook/cmake_prefix_path.dsv'
[3.064s] INFO:colcon.colcon_core.shell:Creating environment hook '/home/robot/project/ls65_ros/ls65/elite_ros_ws/install/eli_cs_robot_simulation_gz/share/eli_cs_robot_simulation_gz/hook/cmake_prefix_path.sh'
[3.065s] Level 1:colcon.colcon_core.environment:checking '/home/robot/project/ls65_ros/ls65/elite_ros_ws/install/eli_cs_robot_simulation_gz/lib'
[3.065s] Level 1:colcon.colcon_core.environment:checking '/home/robot/project/ls65_ros/ls65/elite_ros_ws/install/eli_cs_robot_simulation_gz/bin'
[3.065s] Level 1:colcon.colcon_core.environment:checking '/home/robot/project/ls65_ros/ls65/elite_ros_ws/install/eli_cs_robot_simulation_gz/lib/pkgconfig/eli_cs_robot_simulation_gz.pc'
[3.065s] Level 1:colcon.colcon_core.environment:checking '/home/robot/project/ls65_ros/ls65/elite_ros_ws/install/eli_cs_robot_simulation_gz/lib/python3.10/site-packages'
[3.065s] Level 1:colcon.colcon_core.environment:checking '/home/robot/project/ls65_ros/ls65/elite_ros_ws/install/eli_cs_robot_simulation_gz/bin'
[3.065s] INFO:colcon.colcon_core.shell:Creating package script '/home/robot/project/ls65_ros/ls65/elite_ros_ws/install/eli_cs_robot_simulation_gz/share/eli_cs_robot_simulation_gz/package.ps1'
[3.065s] INFO:colcon.colcon_core.shell:Creating package descriptor '/home/robot/project/ls65_ros/ls65/elite_ros_ws/install/eli_cs_robot_simulation_gz/share/eli_cs_robot_simulation_gz/package.dsv'
[3.066s] INFO:colcon.colcon_core.shell:Creating package script '/home/robot/project/ls65_ros/ls65/elite_ros_ws/install/eli_cs_robot_simulation_gz/share/eli_cs_robot_simulation_gz/package.sh'
[3.066s] INFO:colcon.colcon_core.shell:Creating package script '/home/robot/project/ls65_ros/ls65/elite_ros_ws/install/eli_cs_robot_simulation_gz/share/eli_cs_robot_simulation_gz/package.bash'
[3.066s] INFO:colcon.colcon_core.shell:Creating package script '/home/robot/project/ls65_ros/ls65/elite_ros_ws/install/eli_cs_robot_simulation_gz/share/eli_cs_robot_simulation_gz/package.zsh'
[3.066s] Level 1:colcon.colcon_core.environment:create_file_with_runtime_dependencies(/home/robot/project/ls65_ros/ls65/elite_ros_ws/install/eli_cs_robot_simulation_gz/share/colcon-core/packages/eli_cs_robot_simulation_gz)
[3.067s] Level 1:colcon.colcon_core.environment:create_environment_scripts_only(eli_cs_robot_simulation_gz)
[3.067s] Level 1:colcon.colcon_core.environment:checking '/home/robot/project/ls65_ros/ls65/elite_ros_ws/install/eli_cs_robot_simulation_gz' for CMake module files
[3.067s] Level 1:colcon.colcon_core.environment:checking '/home/robot/project/ls65_ros/ls65/elite_ros_ws/install/eli_cs_robot_simulation_gz' for CMake config files
[3.067s] Level 1:colcon.colcon_core.shell:create_environment_hook('eli_cs_robot_simulation_gz', 'cmake_prefix_path')
[3.067s] INFO:colcon.colcon_core.shell:Creating environment hook '/home/robot/project/ls65_ros/ls65/elite_ros_ws/install/eli_cs_robot_simulation_gz/share/eli_cs_robot_simulation_gz/hook/cmake_prefix_path.ps1'
[3.068s] INFO:colcon.colcon_core.shell:Creating environment descriptor '/home/robot/project/ls65_ros/ls65/elite_ros_ws/install/eli_cs_robot_simulation_gz/share/eli_cs_robot_simulation_gz/hook/cmake_prefix_path.dsv'
[3.068s] INFO:colcon.colcon_core.shell:Creating environment hook '/home/robot/project/ls65_ros/ls65/elite_ros_ws/install/eli_cs_robot_simulation_gz/share/eli_cs_robot_simulation_gz/hook/cmake_prefix_path.sh'
[3.068s] Level 1:colcon.colcon_core.environment:checking '/home/robot/project/ls65_ros/ls65/elite_ros_ws/install/eli_cs_robot_simulation_gz/lib'
[3.068s] Level 1:colcon.colcon_core.environment:checking '/home/robot/project/ls65_ros/ls65/elite_ros_ws/install/eli_cs_robot_simulation_gz/bin'
[3.068s] Level 1:colcon.colcon_core.environment:checking '/home/robot/project/ls65_ros/ls65/elite_ros_ws/install/eli_cs_robot_simulation_gz/lib/pkgconfig/eli_cs_robot_simulation_gz.pc'
[3.068s] Level 1:colcon.colcon_core.environment:checking '/home/robot/project/ls65_ros/ls65/elite_ros_ws/install/eli_cs_robot_simulation_gz/lib/python3.10/site-packages'
[3.069s] Level 1:colcon.colcon_core.environment:checking '/home/robot/project/ls65_ros/ls65/elite_ros_ws/install/eli_cs_robot_simulation_gz/bin'
[3.069s] INFO:colcon.colcon_core.shell:Creating package script '/home/robot/project/ls65_ros/ls65/elite_ros_ws/install/eli_cs_robot_simulation_gz/share/eli_cs_robot_simulation_gz/package.ps1'
[3.069s] INFO:colcon.colcon_core.shell:Creating package descriptor '/home/robot/project/ls65_ros/ls65/elite_ros_ws/install/eli_cs_robot_simulation_gz/share/eli_cs_robot_simulation_gz/package.dsv'
[3.070s] INFO:colcon.colcon_core.shell:Creating package script '/home/robot/project/ls65_ros/ls65/elite_ros_ws/install/eli_cs_robot_simulation_gz/share/eli_cs_robot_simulation_gz/package.sh'
[3.070s] INFO:colcon.colcon_core.shell:Creating package script '/home/robot/project/ls65_ros/ls65/elite_ros_ws/install/eli_cs_robot_simulation_gz/share/eli_cs_robot_simulation_gz/package.bash'
[3.070s] INFO:colcon.colcon_core.shell:Creating package script '/home/robot/project/ls65_ros/ls65/elite_ros_ws/install/eli_cs_robot_simulation_gz/share/eli_cs_robot_simulation_gz/package.zsh'
[3.070s] Level 1:colcon.colcon_core.environment:create_file_with_runtime_dependencies(/home/robot/project/ls65_ros/ls65/elite_ros_ws/install/eli_cs_robot_simulation_gz/share/colcon-core/packages/eli_cs_robot_simulation_gz)
[3.070s] DEBUG:colcon.colcon_parallel_executor.executor.parallel:closing loop
[3.070s] DEBUG:colcon.colcon_parallel_executor.executor.parallel:loop closed
[3.070s] DEBUG:colcon.colcon_parallel_executor.executor.parallel:run_until_complete finished with '0'
[3.070s] DEBUG:colcon.colcon_core.event_reactor:joining thread
[3.078s] INFO:colcon.colcon_core.plugin_system:Skipping extension 'colcon_notification.desktop_notification.terminal_notifier': Not used on non-Darwin systems
[3.078s] INFO:colcon.colcon_core.plugin_system:Skipping extension 'colcon_notification.desktop_notification.win32': Not used on non-Windows systems
[3.078s] INFO:colcon.colcon_notification.desktop_notification:Sending desktop notification using 'notify2'
[3.093s] DEBUG:colcon.colcon_core.event_reactor:joined thread
[3.093s] INFO:colcon.colcon_core.shell:Creating prefix script '/home/robot/project/ls65_ros/ls65/elite_ros_ws/install/local_setup.ps1'
[3.094s] INFO:colcon.colcon_core.shell:Creating prefix util module '/home/robot/project/ls65_ros/ls65/elite_ros_ws/install/_local_setup_util_ps1.py'
[3.095s] INFO:colcon.colcon_core.shell:Creating prefix chain script '/home/robot/project/ls65_ros/ls65/elite_ros_ws/install/setup.ps1'
[3.096s] INFO:colcon.colcon_core.shell:Creating prefix script '/home/robot/project/ls65_ros/ls65/elite_ros_ws/install/local_setup.sh'
[3.097s] INFO:colcon.colcon_core.shell:Creating prefix util module '/home/robot/project/ls65_ros/ls65/elite_ros_ws/install/_local_setup_util_sh.py'
[3.097s] INFO:colcon.colcon_core.shell:Creating prefix chain script '/home/robot/project/ls65_ros/ls65/elite_ros_ws/install/setup.sh'
[3.098s] INFO:colcon.colcon_core.shell:Creating prefix script '/home/robot/project/ls65_ros/ls65/elite_ros_ws/install/local_setup.bash'
[3.098s] INFO:colcon.colcon_core.shell:Creating prefix chain script '/home/robot/project/ls65_ros/ls65/elite_ros_ws/install/setup.bash'
[3.099s] INFO:colcon.colcon_core.shell:Creating prefix script '/home/robot/project/ls65_ros/ls65/elite_ros_ws/install/local_setup.zsh'
[3.100s] INFO:colcon.colcon_core.shell:Creating prefix chain script '/home/robot/project/ls65_ros/ls65/elite_ros_ws/install/setup.zsh'
